"Time (s)","Gyroscope x (rad/s)","Gyroscope y (rad/s)","Gyroscope z (rad/s)","Absolute (rad/s)"
1.826374995E-3,2.862180471E-1,-3.437480889E-3,3.442473710E-1,4.477039638E-1
1.187237500E-2,1.323058009E-1,7.724402100E-2,3.253498375E-1,3.596164353E-1
2.191737499E-2,-2.604335919E-2,1.230088472E-1,3.629022837E-1,3.840670522E-1
3.196337500E-2,-1.047954485E-1,7.394630462E-2,4.551460445E-1,4.728721432E-1
4.200937500E-2,-1.058388725E-1,-1.087670587E-2,5.583710074E-1,5.684174097E-1
5.205437500E-2,-9.056203067E-2,-8.954483271E-2,6.145341992E-1,6.275922566E-1
6.210037500E-2,-8.479575813E-2,-2.078514993E-1,6.279381514E-1,6.668574723E-1
7.214537499E-2,-7.238047570E-2,-3.963698447E-1,6.962471008E-1,8.044302409E-1
8.219137500E-2,7.460843772E-2,-5.911385417E-1,9.104065299E-1,1.088049284E0
9.223737500E-2,1.143535674E-1,-5.701842308E-1,9.648776054E-1,1.126576934E0
1.022823750E-1,4.409059137E-2,-4.753088653E-1,8.593903184E-1,9.830636892E-1
1.123283750E-1,-5.650484189E-2,-4.863001108E-1,7.395910621E-1,8.869473119E-1
1.223733750E-1,-1.755092591E-1,-4.744261205E-1,7.267847657E-1,8.854940652E-1
1.324193750E-1,-3.071797192E-1,-3.975936174E-1,8.068144321E-1,9.504680912E-1
1.424653750E-1,-4.261692166E-1,-3.907844722E-1,8.972820044E-1,1.067449156E0
1.525103750E-1,-4.915229678E-1,-5.202118754E-1,9.046846628E-1,1.153546515E0
1.625563750E-1,-4.948290288E-1,-7.117226720E-1,8.199934959E-1,1.193228504E0
1.726023750E-1,-4.501150846E-1,-8.549296260E-1,6.896325350E-1,1.187055722E0
1.826473750E-1,-3.784211874E-1,-9.386258721E-1,5.578305721E-1,1.155593384E0
1.926933750E-1,-2.989702523E-1,-9.677430987E-1,4.607552886E-1,1.112746760E0
2.027383750E-1,-1.977339089E-1,-1.041633844E0,4.439763129E-1,1.149441051E0
2.127843750E-1,-3.715604544E-2,-1.156698942E0,4.664287865E-1,1.247753512E0
2.228303750E-1,1.245258003E-1,-1.164041996E0,4.934780002E-1,1.270441254E0
2.328753750E-1,2.554886937E-1,-1.105430841E0,5.346153378E-1,1.254219031E0
2.429213750E-1,3.579034805E-1,-1.010647058E0,5.700095296E-1,1.214254192E0
2.529663750E-1,4.079980254E-1,-9.038247466E-1,6.072066426E-1,1.162781780E0
2.630123750E-1,3.879334927E-1,-8.187825680E-1,6.443327069E-1,1.111783219E0
2.730583750E-1,3.205730617E-1,-7.777460217E-1,6.655591130E-1,1.072671849E0
2.831033750E-1,2.300721854E-1,-7.763292193E-1,6.679798961E-1,1.049674906E0
2.931493750E-1,1.560519934E-1,-7.718307376E-1,6.513898373E-1,1.021950895E0
3.031943750E-1,7.551188022E-2,-6.919543147E-1,6.309356689E-1,9.394586931E-1
3.132403750E-1,-2.955165692E-3,-5.323875546E-1,6.157199740E-1,8.139756309E-1
3.232863750E-1,-9.967717528E-2,-3.473665416E-1,6.325831413E-1,7.285331044E-1
3.333313750E-1,-2.094070464E-1,-2.189103961E-1,6.690969467E-1,7.344819921E-1
3.433773750E-1,-3.107738495E-1,-1.889120042E-1,7.096952796E-1,7.974556544E-1
3.534223750E-1,-4.109307528E-1,-2.154362053E-1,7.425820827E-1,8.756169206E-1
3.634683750E-1,-3.658495545E-1,1.688680649E-1,7.737181187E-1,8.723543128E-1
3.735143750E-1,-2.806876600E-1,5.127914995E-2,7.591923475E-1,8.110413887E-1
3.835593750E-1,-1.838394254E-1,-1.219925061E-1,7.075397968E-1,7.411421389E-1
3.936053750E-1,-8.419780433E-2,-9.578081965E-2,6.634842157E-1,6.756289960E-1
4.036513750E-1,-8.006101474E-3,-1.332514882E-1,6.227825880E-1,6.369287313E-1
4.136963750E-1,2.020632662E-2,-3.530124426E-1,5.140656829E-1,6.239307707E-1
4.237423750E-1,-3.244935768E-3,-4.483778477E-1,4.182758033E-1,6.131948072E-1
4.337873750E-1,-6.552381814E-2,-4.375281334E-1,3.631121218E-1,5.723413765E-1
4.438333750E-1,-1.533191949E-1,-3.908764720E-1,3.304687142E-1,5.343227143E-1
4.538793750E-1,-2.288329005E-1,-3.443339467E-1,2.955752611E-1,5.082274080E-1
4.639243750E-1,-2.859095037E-1,-2.948992848E-1,2.887780964E-1,5.020982190E-1
4.739703750E-1,-3.368007243E-1,-2.017763406E-1,3.155958652E-1,5.037352178E-1
4.840153750E-1,-4.155962169E-1,-5.771744624E-2,3.996596038E-1,5.794646823E-1
4.940613750E-1,-5.399739742E-1,2.623143606E-2,4.962151647E-1,7.338184181E-1
5.041073750E-1,-7.084569931E-1,-4.308238998E-2,5.553807616E-1,9.012298230E-1
5.141523750E-1,-9.229733348E-1,-3.865546882E-1,5.228895545E-1,1.129034007E0
5.241983750E-1,-1.151694894E0,-8.690419793E-1,4.394308627E-1,1.508222322E0
5.342433750E-1,-1.291144252E0,-9.440931082E-1,3.862470090E-1,1.645464077E0
5.442893750E-1,-1.275639892E0,-5.140818357E-1,3.734092414E-1,1.425121654E0
5.543353750E-1,-1.124271274E0,-1.306702197E-1,3.045207262E-1,1.172089363E0
5.643803750E-1,-9.482901096E-1,9.046482295E-2,2.044974416E-1,9.742983218E-1
5.744263750E-1,-8.045850396E-1,1.535088122E-1,1.598547548E-1,8.345511273E-1
5.844713750E-1,-7.015824914E-1,5.433720723E-2,1.639307141E-1,7.225259880E-1
5.945173750E-1,-5.992078781E-1,-2.947687805E-1,1.824605912E-1,6.922648211E-1
6.045633750E-1,-4.456175566E-1,-4.451686740E-1,2.311066985E-1,6.709399833E-1
6.146083750E-1,-2.523360550E-1,-4.035201371E-1,3.406174779E-1,5.852540063E-1
6.246543750E-1,6.371641532E-3,-3.748812973E-1,4.042044282E-1,5.513236841E-1
6.347003750E-1,2.766623795E-1,-5.143054724E-1,3.510670364E-1,6.813958139E-1
6.447453750E-1,4.596196711E-1,-7.348344326E-1,1.796092838E-1,8.851504845E-1
6.547913750E-1,6.514011621E-1,-8.334822059E-1,-8.072575927E-2,1.060911264E0
6.648363750E-1,9.005108476E-1,-1.036851883E0,-4.828148782E-1,1.455710074E0
6.748823750E-1,1.001727700E0,-1.374476314E0,-8.513753414E-1,1.901968321E0
6.849283750E-1,9.516064525E-1,-1.701650500E0,-9.885166883E-1,2.185940189E0
6.949733750E-1,9.323074222E-1,-1.732612371E0,-9.447485805E-1,2.182588518E0
7.050193750E-1,9.575017095E-1,-1.557109475E0,-7.375458479E-1,1.971135033E0
7.150643750E-1,9.420750737E-1,-1.413467407E0,-4.598352611E-1,1.759785221E0
7.251103750E-1,8.291852474E-1,-1.297462583E0,-2.296662331E-1,1.556824944E0
7.351563750E-1,6.288767457E-1,-1.175007343E0,-1.015315652E-1,1.336576551E0
7.452013750E-1,4.172260165E-1,-9.083892107E-1,-6.439218670E-2,1.001695992E0
7.552473750E-1,2.053507119E-1,-6.693446636E-1,-1.548643969E-2,7.003078062E-1
7.652923750E-1,2.573247254E-2,-6.259926558E-1,1.095608808E-2,6.266171088E-1
7.753383750E-1,-2.146782912E-2,-7.163020968E-1,8.648455143E-3,7.166759082E-1
7.853843750E-1,2.828987315E-2,-9.453635216E-1,4.715003818E-2,9.469612616E-1
7.954293750E-1,1.263100505E-1,-1.185197592E0,8.745193481E-2,1.195113133E0
8.054753750E-1,2.414936274E-1,-1.307152510E0,1.090299264E-1,1.333736998E0
8.155203750E-1,3.521063030E-1,-1.261886477E0,1.053122804E-1,1.314316175E0
8.255663750E-1,4.158312380E-1,-1.152008891E0,1.087389737E-1,1.229578899E0
8.356123750E-1,4.186629057E-1,-9.945930839E-1,1.773416251E-1,1.093592284E0
8.456573750E-1,3.607026935E-1,-9.144470692E-1,2.631960511E-1,1.017640426E0
8.557033750E-1,2.765340507E-1,-8.756367564E-1,3.140434027E-1,9.704813595E-1
8.657483750E-1,2.069251388E-1,-8.636442423E-1,3.260982037E-1,9.460652349E-1
8.757943750E-1,1.715775281E-1,-9.147202373E-1,3.002753854E-1,9.779147548E-1
8.858403750E-1,1.469866186E-1,-9.471579790E-1,2.361179739E-1,9.871499384E-1
8.958853750E-1,1.394615024E-1,-8.072396517E-1,1.542746276E-1,8.335982405E-1
9.059313750E-1,1.353285462E-1,-7.156767249E-1,4.337581620E-2,7.296495401E-1
9.159773750E-1,1.350941956E-1,-7.271549702E-1,-4.212350026E-2,7.407963159E-1
9.260223750E-1,1.589065939E-1,-7.128953338E-1,-8.449492604E-2,7.352621675E-1
9.360683750E-1,1.542633325E-1,-6.347060800E-1,-3.116808459E-2,6.539269326E-1
9.461137500E-1,1.845733076E-1,-5.671896338E-1,2.133240737E-2,5.968470979E-1
9.561597500E-1,3.003951907E-1,-5.844312310E-1,4.821250960E-2,6.588790333E-1
9.662057500E-1,4.030011892E-1,-6.405068040E-1,9.823147207E-2,7.630913095E-1
9.762507500E-1,4.150677025E-1,-5.931720138E-1,1.105677634E-1,7.323656641E-1
9.862967500E-1,3.531236351E-1,-4.972897172E-1,1.186603084E-1,6.213482383E-1
9.963417500E-1,2.723598182E-1,-3.736727536E-1,1.174753383E-1,4.770866299E-1
1.006387750E0,1.565709114E-1,-2.795044184E-1,1.049715281E-1,3.371293400E-1
1.016433750E0,2.220173739E-2,-1.894206256E-1,5.220350623E-2,1.977328920E-1
1.026478750E0,-9.359303862E-2,-1.086307019E-1,-6.793499924E-3,1.435494267E-1
1.036524750E0,-1.606994569E-1,-5.275526270E-2,-5.124734342E-2,1.767306521E-1
1.046569750E0,-1.804348230E-1,-4.391516373E-2,-7.195288688E-2,1.991544248E-1
1.056615750E0,-1.560812443E-1,-3.924528882E-2,-7.555486262E-2,1.777922518E-1
1.066661750E0,-9.634625912E-2,-8.301114291E-2,-7.156278193E-2,1.459269792E-1
1.076706750E0,-1.770410500E-2,-1.767464131E-1,-6.148652360E-2,1.879716002E-1
1.086752750E0,7.835318148E-2,-2.738122344E-1,-4.199830815E-2,2.878823000E-1
1.096797750E0,2.040657252E-1,-3.863736093E-1,-3.024194948E-2,4.379976731E-1
1.106843750E0,3.487693667E-1,-5.197820663E-1,-4.486776143E-2,6.275560403E-1
1.116889750E0,4.835977554E-1,-6.193549037E-1,-8.370078355E-2,7.902361084E-1
1.126934750E0,5.694338679E-1,-6.686553359E-1,-1.319293082E-1,8.881217431E-1
1.136980750E0,5.728707910E-1,-6.613223553E-1,-2.055438757E-1,8.987638653E-1
1.147025750E0,5.228699446E-1,-5.842651129E-1,-2.815622091E-1,8.330882178E-1
1.157071750E0,4.236243963E-1,-4.493723810E-1,-3.349315226E-1,7.025470025E-1
1.167117750E0,2.909462452E-1,-3.942052424E-1,-3.441665769E-1,5.987471281E-1
1.177162750E0,1.788866222E-1,-4.142903090E-1,-3.075897992E-1,5.461212029E-1
1.187208750E0,1.515191793E-1,-4.488269687E-1,-2.385225743E-1,5.303741396E-1
1.197253750E0,1.936858743E-1,-4.007925093E-1,-1.594717205E-1,4.728425563E-1
1.207299750E0,2.669001818E-1,-3.323910832E-1,-1.100567728E-1,4.402635943E-1
1.217345750E0,3.545197546E-1,-3.433060646E-1,-9.034495801E-2,5.017026229E-1
1.227390750E0,4.417214990E-1,-4.659747183E-1,-8.476670086E-2,6.476385677E-1
1.237436750E0,5.128979683E-1,-5.414366126E-1,-9.605430067E-2,7.519603447E-1
1.247482750E0,5.213218331E-1,-5.292779207E-1,-1.229082793E-1,7.530059868E-1
1.257527750E0,4.499492049E-1,-5.630244017E-1,-1.617231220E-1,7.386508865E-1
1.267573750E0,3.667632341E-1,-5.447623134E-1,-2.029017210E-1,6.873502429E-1
1.277618750E0,3.151735663E-1,-5.150165558E-1,-2.238525897E-1,6.439614985E-1
1.287664750E0,2.885946929E-1,-5.227162838E-1,-1.742288470E-1,6.219926859E-1
1.297710750E0,2.780154645E-1,-5.705307722E-1,-5.083869025E-2,6.366965784E-1
1.307755750E0,3.107747436E-1,-6.729248166E-1,1.034246460E-1,7.484019023E-1
1.317801750E0,2.995500267E-1,-3.965829909E-1,1.752393246E-1,5.269887172E-1
1.327846750E0,2.182024419E-1,-5.914449319E-2,1.769405603E-1,2.870859429E-1
1.337892750E0,1.023381278E-1,-1.637150533E-2,1.789799929E-1,2.068210735E-1
1.347938750E0,3.121658228E-4,-2.827450447E-2,2.021526843E-1,2.041206820E-1
1.357983750E0,-7.442826778E-2,3.475467209E-3,2.953269780E-1,3.045811383E-1
1.368029750E0,-1.078685150E-1,1.036000438E-2,4.448246062E-1,4.578338962E-1
1.378074750E0,-1.356641203E-1,-1.865031868E-1,6.102273464E-1,6.523538967E-1
1.388120750E0,-1.555821747E-1,-4.984882772E-1,7.355613112E-1,9.020791640E-1
1.398166750E0,-1.435307860E-1,-5.452405810E-1,8.022060394E-1,9.805217527E-1
1.408211750E0,-6.164551154E-2,-3.740059137E-1,8.134996891E-1,8.974755355E-1
1.418257750E0,3.219539672E-2,-1.433771700E-1,8.258250952E-1,8.387971413E-1
1.428302750E0,6.694139540E-2,-2.577969432E-2,8.464358449E-1,8.494700599E-1
1.438348750E0,-5.672305822E-3,-1.172487587E-1,8.295466304E-1,8.378108727E-1
1.448394750E0,-1.104852706E-1,-2.259006649E-1,6.911326051E-1,7.354606606E-1
1.458439750E0,-1.005110890E-1,-1.742014885E-1,5.361365080E-1,5.726176672E-1
1.468485750E0,-9.805416688E-3,-1.288800836E-1,5.156709552E-1,5.316227574E-1
1.478530750E0,7.765723765E-2,-1.956193298E-1,5.732760429E-1,6.106905846E-1
1.488576750E0,1.376318783E-1,-2.694115341E-1,5.947168469E-1,6.672430117E-1
1.498622750E0,1.012221649E-1,-2.956937850E-1,5.735265017E-1,6.531564814E-1
1.508667750E0,-7.430917770E-2,-2.464229167E-1,5.735776424E-1,6.286791071E-1
1.518713750E0,-3.054893613E-1,-8.333966881E-2,5.955568552E-1,6.745051653E-1
1.528758750E0,-5.524874330E-1,1.398761123E-1,5.901111960E-1,8.203894893E-1
1.538804750E0,-7.459308505E-1,3.622430265E-1,5.651910901E-1,1.003530673E0
1.548850750E0,-8.302809000E-1,5.394771695E-1,5.110990405E-1,1.114281930E0
1.558895750E0,-8.162332177E-1,6.177051067E-1,4.190790355E-1,1.106084763E0
1.568941750E0,-7.537093759E-1,5.334919691E-1,3.570127189E-1,9.900250430E-1
1.578986750E0,-6.640257835E-1,3.860705793E-1,3.116530776E-1,8.289200047E-1
1.589032750E0,-5.361852646E-1,1.407252699E-1,2.712379992E-1,6.171452761E-1
1.599078750E0,-3.399407566E-1,-3.003736734E-1,3.378181159E-1,5.656015745E-1
1.609123750E0,-1.943404078E-1,-6.224014759E-1,2.839285135E-1,7.111731098E-1
1.619169750E0,-1.013461873E-1,-8.446509242E-1,1.905146837E-1,8.717809806E-1
1.629214750E0,-3.483799845E-2,-1.027670383E0,1.760124415E-1,1.043216412E0
1.639260750E0,4.558806494E-2,-1.130660057E0,1.549809128E-1,1.142142513E0
1.649306750E0,1.131828204E-1,-1.191629171E0,1.542754471E-1,1.206893262E0
1.659351750E0,1.700386703E-1,-1.186649919E0,1.840121597E-1,1.212811467E0
1.669397750E0,1.925775260E-1,-1.105949044E0,2.228692919E-1,1.144499940E0
1.679443750E0,1.611091644E-1,-9.382107854E-1,2.758095860E-1,9.910936224E-1
1.689488750E0,7.574127614E-2,-7.101350427E-1,3.257483840E-1,7.849461952E-1
1.699534750E0,-6.164734066E-2,-4.877741933E-1,3.517072797E-1,6.045015044E-1
1.709579750E0,-2.335408032E-1,-3.063170314E-1,4.225537777E-1,5.717719174E-1
1.719625750E0,-3.582229316E-1,-2.675065696E-1,5.245452523E-1,6.892250396E-1
1.729671750E0,-4.324130118E-1,-3.113946617E-1,6.303161383E-1,8.253763276E-1
1.739716750E0,-5.251370072E-1,-2.981412411E-1,7.624788284E-1,9.726412698E-1
1.749762750E0,-6.768077612E-1,-1.726658940E-1,8.624387383E-1,1.109812071E0
1.759807750E0,-8.702861667E-1,2.644661814E-3,8.907160759E-1,1.245303230E0
1.769853750E0,-1.073251486E0,1.396714747E-1,8.666357994E-1,1.386518836E0
1.779899750E0,-1.237076163E0,2.215800732E-1,8.034775257E-1,1.491653880E0
1.789944750E0,-1.325770855E0,2.036394179E-1,7.651408315E-1,1.544207844E0
1.799990750E0,-1.323109508E0,8.238463849E-2,7.735871077E-1,1.534875569E0
1.810035750E0,-1.192727566E0,-7.194128633E-2,7.826727629E-1,1.428408642E0
1.820081750E0,-1.001253366E0,-3.117893934E-1,8.301631212E-1,1.337494575E0
1.830127750E0,-8.302215934E-1,-4.682801962E-1,8.654204011E-1,1.287441924E0
1.840172750E0,-7.035096288E-1,-4.755715728E-1,8.546328545E-1,1.204778583E0
1.850218750E0,-6.480772495E-1,-4.420018792E-1,8.159121275E-1,1.131849099E0
1.860263750E0,-6.159445047E-1,-4.359139502E-1,7.917345762E-1,1.093733169E0
1.870309750E0,-5.892657042E-1,-4.818609357E-1,8.032311797E-1,1.106618434E0
1.880355750E0,-5.675616264E-1,-6.146379709E-1,8.229230046E-1,1.173502581E0
1.890400750E0,-5.520756245E-1,-7.742875218E-1,8.256157637E-1,1.259345088E0
1.900446750E0,-5.662282109E-1,-8.775211573E-1,7.949236035E-1,1.312463830E0
1.910491750E0,-5.887497663E-1,-9.283257127E-1,7.531497478E-1,1.332534975E0
1.920537750E0,-6.098718047E-1,-9.580941200E-1,7.223885059E-1,1.346006358E0
1.930583750E0,-6.163672209E-1,-1.009556055E0,7.265416980E-1,1.388155185E0
1.940628917E0,-5.864121914E-1,-1.118905425E0,7.380313873E-1,1.463051242E0
1.950674917E0,-5.141558647E-1,-1.364248037E0,7.671411037E-1,1.647432680E0
1.960719917E0,-4.009026587E-1,-1.652246833E0,8.098775148E-1,1.883227051E0
1.970765917E0,-2.902597785E-1,-1.872771263E0,8.439465761E-1,2.074552667E0
1.980811917E0,-2.413270622E-1,-1.969491482E0,8.557471633E-1,2.160888395E0
1.990856917E0,-2.437276393E-1,-1.986086965E0,9.176251888E-1,2.201358803E0
2.000902917E0,-2.920662761E-1,-1.924945474E0,1.026572347E0,2.201038066E0
2.010947917E0,-3.833258748E-1,-1.878531694E0,1.155338526E0,2.238443022E0
2.020993917E0,-4.874382913E-1,-1.817612410E0,1.304077744E0,2.289526091E0
2.031039917E0,-5.538593531E-1,-1.689158797E0,1.453192711E0,2.296037169E0
2.041084917E0,-6.219384074E-1,-1.634115458E0,1.550181866E0,2.336708054E0
2.051130917E0,-6.533623934E-1,-1.623921871E0,1.614791036E0,2.381502624E0
2.061176917E0,-6.649646163E-1,-1.623440146E0,1.674477816E0,2.425203456E0
2.071221917E0,-6.832072735E-1,-1.523041129E0,1.734327555E0,2.407139075E0
2.081267917E0,-7.144224048E-1,-1.407828331E0,1.784623504E0,2.382700366E0
2.091312917E0,-7.317553163E-1,-1.322817564E0,1.861931562E0,2.398353872E0
2.101358917E0,-7.262215614E-1,-1.306391835E0,1.920786262E0,2.433819477E0
2.111404917E0,-6.635398269E-1,-1.458585382E0,1.901877284E0,2.486944636E0
2.121449917E0,-5.082064867E-1,-1.714415789E0,1.816477060E0,2.548937865E0
2.131495917E0,-3.313291669E-1,-2.068108559E0,1.691903710E0,2.692469163E0
2.141540917E0,-2.175333500E-1,-2.292075396E0,1.453040481E0,2.722546054E0
2.151586917E0,-1.575999707E-1,-2.401660681E0,1.200783968E0,2.689738633E0
2.161632917E0,-1.185090765E-1,-2.197933912E0,1.018566132E0,2.425373136E0
2.171677917E0,-1.652707309E-1,-2.039766073E0,9.039316773E-1,2.237197471E0
2.181723917E0,-1.544637829E-1,-1.839381099E0,8.607978225E-1,2.036701936E0
2.191768917E0,-5.375341699E-2,-1.525208831E0,8.514038324E-1,1.747581155E0
2.201814917E0,2.782730851E-3,-1.389824152E0,7.929441929E-1,1.600118561E0
2.211860917E0,4.123078659E-2,-1.213000298E0,5.411295295E-1,1.328868266E0
2.221905917E0,1.077397764E-1,-6.729563475E-1,2.281247526E-1,7.186925683E-1
2.231951917E0,7.163289934E-2,-1.719456911E-1,9.617764503E-2,2.096347594E-1
2.241996917E0,-9.087993205E-2,1.068380028E-1,3.783672675E-2,1.452760778E-1
2.252042917E0,-2.082036287E-1,5.062351823E-1,-6.185594015E-3,5.474130729E-1
2.262088917E0,-2.914752960E-1,9.438657165E-1,-9.213341027E-2,9.921335113E-1
2.272133917E0,-3.332741261E-1,1.316098571E0,-2.979640663E-1,1.389953120E0
2.282179917E0,-2.514140010E-1,1.596207380E0,-5.405546427E-1,1.703903261E0
2.292224917E0,-1.978932470E-1,1.748570561E0,-7.717526555E-1,1.921526192E0
2.302270917E0,-1.688620299E-1,1.462335825E0,-1.002380729E0,1.780928852E0
2.312316917E0,-7.630573213E-2,1.158511996E0,-1.241256118E0,1.699614474E0
2.322361917E0,5.497456063E-3,7.151250839E-1,-1.524685025E0,1.684072010E0
2.332407917E0,6.723619252E-2,2.488047928E-1,-1.913064480E0,1.930347180E0
2.342452917E0,1.544502527E-1,-7.148873061E-2,-2.347387552E0,2.353549201E0
2.352498917E0,3.279626667E-1,-5.558117032E-1,-2.661542416E0,2.738666499E0
2.362544917E0,5.088801980E-1,-9.335051179E-1,-2.872444391E0,3.062895304E0
2.372589917E0,5.567225218E-1,-7.453663349E-1,-2.983432531E0,3.125120895E0
2.382635917E0,4.846163690E-1,-4.018583596E-1,-2.860498190E0,2.928957675E0
2.392680917E0,3.550101817E-1,-2.514571548E-1,-2.561212540E0,2.597897728E0
2.402726917E0,1.636353731E-1,-1.014358178E-1,-2.127648354E0,2.136341096E0
2.412772917E0,-7.102826238E-2,1.183567271E-1,-1.610489368E0,1.616393929E0
2.422817917E0,-3.081130683E-1,3.969706893E-1,-1.036546588E0,1.151932385E0
2.432863917E0,-4.979120493E-1,5.993770361E-1,-4.467970729E-1,8.982187176E-1
2.442909917E0,-6.078368425E-1,6.321953535E-1,1.849381477E-1,8.962916437E-1
2.452954917E0,-6.426669955E-1,4.438283741E-1,8.184453249E-1,1.131307758E0
2.463000917E0,-6.191468835E-1,3.260049224E-1,1.262889385E0,1.443783804E0
2.473045917E0,-4.832114577E-1,4.448599219E-1,1.544017792E0,1.677910786E0
2.483091917E0,-2.558847368E-1,6.037704945E-1,1.832439542E0,1.946240089E0
2.493137917E0,7.981780218E-4,7.355399728E-1,2.197944880E0,2.317753521E0
2.503182917E0,2.109016031E-1,8.101062775E-1,2.510542393E0,2.646426793E0
2.513228917E0,3.500845134E-1,7.061122656E-1,2.643277168E0,2.758272627E0
2.523273917E0,3.826262653E-1,4.324550331E-1,2.545355320E0,2.610029486E0
2.533319917E0,3.276506364E-1,1.213344485E-1,2.265957117E0,2.292736061E0
2.543365917E0,2.205750346E-1,-9.265622497E-2,1.879216194E0,1.894384340E0
2.553410917E0,6.925956160E-2,-2.061111480E-1,1.363827467E0,1.381051792E0
2.563456917E0,-1.410888433E-1,-2.107066512E-1,8.026300073E-1,8.417352809E-1
2.573501917E0,-3.385217488E-1,1.059084944E-2,3.197216690E-1,4.657586135E-1
2.583547917E0,-4.223481119E-1,4.969151914E-1,-1.582325399E-1,6.710738944E-1
2.593593917E0,-4.437130690E-1,8.406973481E-1,-5.540451407E-1,1.100281481E0
2.603638917E0,-4.750268161E-1,8.644542098E-1,-6.852844954E-1,1.201060530E0
2.613684917E0,-4.697550833E-1,7.770301104E-1,-4.943648577E-1,1.033848269E0
2.623729917E0,-3.972880840E-1,8.282158375E-1,6.122497842E-2,9.206127270E-1
2.633775917E0,-3.538719118E-1,1.291269422E0,8.987150788E-1,1.612541733E0
2.643821917E0,-4.422182739E-1,1.808060408E0,1.588840604E0,2.447254360E0
2.653866917E0,-6.149421334E-1,1.829437852E0,1.940006375E0,2.736534564E0
2.663912917E0,-6.831295490E-1,1.388382316E0,1.918887615E0,2.465035723E0
2.673957917E0,-7.112581134E-1,4.864623547E-1,2.073287964E0,2.245229767E0
2.684003917E0,-8.487257957E-1,-9.398771822E-2,2.236975193E0,2.394415833E0
2.694049917E0,-9.384990931E-1,-1.124226451E-1,2.378327847E0,2.559269963E0
2.704094917E0,-8.485993147E-1,-3.590743244E-2,2.420184374E0,2.564898155E0
2.714140917E0,-6.045504212E-1,-5.032818392E-2,2.255735159E0,2.335884253E0
2.724185917E0,-3.013645113E-1,-5.693153664E-2,1.634849072E0,1.663368046E0
2.734231917E0,2.030118257E-1,-1.751515828E-2,7.761114240E-1,8.024148083E-1
2.744277917E0,7.541924715E-1,-8.959510922E-2,2.043808252E-1,7.865145195E-1
2.754322917E0,1.295248628E0,-3.426177800E-1,3.375743330E-2,1.340222189E0
2.764368917E0,1.676435113E0,-7.804820538E-1,1.436945498E-1,1.854787063E0
2.774413917E0,1.750007510E0,-1.410353541E0,5.918420106E-2,2.248360773E0
2.784459917E0,1.618688703E0,-1.892168641E0,-4.001646042E-1,2.522020419E0
2.794505917E0,1.500805020E0,-2.043459892E0,-9.094531536E-1,2.693556957E0
2.804550917E0,1.403014541E0,-2.178129196E0,-1.391194701E0,2.940768487E0
2.814596917E0,1.264750123E0,-2.304281950E0,-2.044097662E0,3.329811321E0
2.824642917E0,1.188128829E0,-2.321930647E0,-2.570631266E0,3.662124677E0
2.834687917E0,1.284221530E0,-2.181160927E0,-2.789844513E0,3.766951066E0
2.844733917E0,1.440488577E0,-2.191795588E0,-2.796469212E0,3.833955567E0
2.854778917E0,1.724896312E0,-2.201358318E0,-2.818337917E0,3.970424958E0
2.864824917E0,1.878532767E0,-1.887224555E0,-2.658233643E0,3.762540096E0
2.874870917E0,1.591544032E0,-1.315149069E0,-1.942790627E0,2.834971764E0
2.884915917E0,1.266704798E0,-6.210396290E-1,-1.145724177E0,1.817392406E0
2.894961917E0,8.898304701E-1,-2.960274220E-1,-4.942518175E-1,1.060054413E0
2.905006917E0,4.124038815E-1,-1.751030833E-1,1.139722485E-2,4.481829403E-1
2.915052917E0,3.219847754E-2,-3.218347579E-2,2.491407990E-1,2.532659784E-1
2.925098917E0,-1.899674535E-1,6.292530894E-2,1.826972365E-1,2.709714157E-1
2.935143917E0,-2.931535244E-1,6.229535677E-3,1.453032903E-2,2.935795062E-1
2.945189375E0,-2.365330756E-1,1.068769768E-1,-1.301265955E-1,2.903506757E-1
2.955234375E0,-4.581240565E-2,2.199745029E-1,-1.470368654E-1,2.685282075E-1
2.965280375E0,2.015634626E-1,2.194859833E-1,2.445099503E-2,2.989979556E-1
2.975326375E0,4.506899416E-1,2.552431822E-1,2.873537242E-1,5.923197349E-1
2.985371375E0,6.366134286E-1,3.261091709E-1,5.509925485E-1,9.028934806E-1
2.995417375E0,6.953608990E-1,3.091533482E-1,7.902411222E-1,1.097079580E0
3.005462375E0,5.991899371E-1,2.008434087E-1,1.001323223E0,1.184067081E0
3.015508375E0,3.658807576E-1,8.972114325E-2,1.266869664E0,1.321694881E0
3.025554375E0,3.963730112E-2,5.161891878E-2,1.561563492E0,1.562919117E0
3.035599375E0,-3.119798601E-1,-2.856939286E-2,1.908737779E0,1.934277010E0
3.045645375E0,-6.095454097E-1,-1.138824522E-1,2.354700804E0,2.434980635E0
3.055690375E0,-8.008748889E-1,-1.549057811E-1,2.749834776E0,2.868272596E0
3.065736375E0,-8.498198390E-1,-9.111861885E-2,3.075009108E0,3.191579135E0
3.075782375E0,-8.165904880E-1,1.821612753E-2,3.238854170E0,3.340258700E0
3.085827375E0,-6.404508352E-1,3.035547212E-2,3.283834934E0,3.345843780E0
3.095873375E0,-3.942178786E-1,-9.311266989E-2,2.969670773E0,2.997169031E0
3.105918375E0,-1.138597950E-1,-4.996764064E-1,2.505304337E0,2.557184073E0
3.115964375E0,3.864083588E-1,-9.202452302E-1,2.014409304E0,2.248111996E0
3.126010375E0,9.591330886E-1,-1.182507515E0,1.668955326E0,2.259130847E0
3.136055375E0,1.460974693E0,-1.544231892E0,1.448972702E0,2.572668086E0
3.146101375E0,1.809320331E0,-1.656480312E0,1.310436845E0,2.781152964E0
3.156147375E0,1.874976039E0,-1.446590543E0,1.432661533E0,2.767793058E0
3.166192375E0,1.770383000E0,-1.380921483E0,1.635837317E0,2.777978372E0
3.176238375E0,1.507851243E0,-1.324437618E0,1.757932305E0,2.667972332E0
3.186283375E0,1.156648517E0,-1.114576459E0,1.774396181E0,2.393449035E0
3.196329375E0,7.793791890E-1,-7.861535549E-1,1.828598499E0,2.137578491E0
3.206375375E0,3.168604374E-1,-5.005908012E-1,1.870893955E0,1.962456593E0
3.216420375E0,-1.547270417E-1,-3.804966509E-1,1.958620667E0,2.001227893E0
3.226466375E0,-5.719725490E-1,-4.634365141E-1,2.134218931E0,2.257612997E0
3.236511375E0,-9.601370692E-1,-6.596992016E-1,2.045642376E0,2.354085589E0
3.246557375E0,-1.074632645E0,-9.653270841E-1,1.788660169E0,2.299129596E0
3.256603375E0,-1.032180429E0,-1.299679995E0,1.544605732E0,2.267238715E0
3.266648375E0,-9.449775815E-1,-1.834026814E0,1.460629225E0,2.527859710E0
3.276694375E0,-8.948180079E-1,-2.100229740E0,1.479504347E0,2.720403893E0
3.286739375E0,-8.263264894E-1,-2.211377144E0,1.660111666E0,2.885996376E0
3.296785375E0,-8.197141290E-1,-2.284666061E0,1.957492471E0,3.118237810E0
3.306831375E0,-8.494535685E-1,-1.931560397E0,2.135682344E0,3.002271808E0
3.316876375E0,-8.586958051E-1,-1.818128347E0,2.053080559E0,2.873689084E0
3.326922375E0,-6.400219202E-1,-1.530943394E0,1.877599239E0,2.505752310E0
3.336967375E0,-3.908003569E-1,-1.211063147E0,1.852817178E0,2.247738944E0
3.347013375E0,-1.564484388E-1,-1.023863316E0,2.016033411E0,2.266531032E0
3.357059375E0,1.743867248E-2,-7.911358476E-1,2.119768143E0,2.262657070E0
3.367104375E0,1.097923890E-1,-6.504238248E-1,2.108683348E0,2.209445854E0
3.377150375E0,1.710245907E-1,-5.958367586E-1,2.075712919E0,2.166299835E0
3.387196375E0,1.468609571E-1,-5.247048736E-1,2.083725929E0,2.153786687E0
3.397241375E0,1.176878959E-1,-6.107074022E-1,2.017855406E0,2.111528927E0
3.407287375E0,4.600275680E-2,-7.853873968E-1,1.857652903E0,2.017380461E0
3.417332375E0,6.989264488E-2,-7.473266125E-1,1.784381390E0,1.935819979E0
3.427378375E0,5.374184996E-2,-7.954626083E-1,1.720063329E0,1.895855164E0
3.437424375E0,-6.274907291E-2,-7.910763621E-1,1.616726518E0,1.800984145E0
3.447469375E0,-2.330276072E-1,-7.509928346E-1,1.580538750E0,1.765331369E0
3.457515375E0,-3.531960547E-1,-8.037869334E-1,1.508211732E0,1.745142835E0
3.467560375E0,-3.163487911E-1,-7.836684585E-1,1.358152032E0,1.599621753E0
3.477606375E0,-2.650493979E-1,-8.694714904E-1,1.237301469E0,1.535300225E0
3.487652375E0,-1.283513904E-1,-8.900330067E-1,1.114233732E0,1.431834363E0
3.497697375E0,-4.899131507E-2,-8.849596381E-1,1.031149268E0,1.359714133E0
3.507743375E0,-5.038505048E-2,-8.368808627E-1,9.811489582E-1,1.290566352E0
3.517788375E0,-6.593071669E-2,-7.483227849E-1,9.580774903E-1,1.217475391E0
3.527834375E0,-7.522442937E-2,-6.641348600E-1,9.090133905E-1,1.128290375E0
3.537880375E0,-9.039379656E-2,-5.811156631E-1,7.855591178E-1,9.813101344E-1
3.547925375E0,-1.195296198E-1,-4.037737846E-1,7.437424064E-1,8.546773463E-1
3.557971375E0,1.355014089E-2,-4.020888209E-1,6.734797359E-1,7.844960043E-1
3.568016375E0,2.150419056E-1,-4.041255116E-1,6.170009375E-1,7.682776888E-1
3.578062375E0,3.384322822E-1,-4.640551507E-1,5.435469747E-1,7.907761417E-1
3.588108375E0,3.736829460E-1,-5.764479637E-1,4.481649399E-1,8.202335108E-1
3.598153375E0,3.383675814E-1,-7.117189765E-1,3.437077701E-1,8.597508667E-1
3.608199375E0,2.841683924E-1,-8.838600516E-1,1.484896988E-1,9.402177709E-1
3.618245375E0,2.486048341E-1,-1.017730713E0,-1.090970933E-1,1.053319678E0
3.628290375E0,1.316000521E-1,-1.171446562E0,-3.619522452E-1,1.233132211E0
3.638336375E0,-2.240469679E-2,-1.387345791E0,-6.093961000E-1,1.515451722E0
3.648381375E0,-8.422825485E-2,-1.648405433E0,-8.730946183E-1,1.867251746E0
3.658427375E0,-1.082893834E-1,-1.908937454E0,-1.179523706E0,2.246562923E0
3.668473375E0,-2.123814821E-1,-1.973970532E0,-1.490006804E0,2.482294470E0
3.678518375E0,-4.361216128E-1,-1.900530577E0,-1.707534075E0,2.591889494E0
3.688564375E0,-6.615014672E-1,-1.908146143E0,-1.829991817E0,2.725339602E0
3.698609375E0,-7.358710170E-1,-1.972699881E0,-1.920205235E0,2.849603327E0
3.708655375E0,-7.203670144E-1,-2.108804941E0,-2.021768808E0,3.008909442E0
3.718701375E0,-7.006063461E-1,-2.132977247E0,-2.176072836E0,3.126617050E0
3.728746375E0,-8.301954865E-1,-1.971791148E0,-2.348821878E0,3.177129065E0
3.738792375E0,-1.117278934E0,-1.727006793E0,-2.523432493E0,3.255545458E0
3.748837375E0,-1.444292545E0,-1.515053630E0,-2.705880642E0,3.420987943E0
3.758883375E0,-1.676292539E0,-1.487059474E0,-2.964028835E0,3.715746155E0
3.768929375E0,-1.755090475E0,-1.695255399E0,-3.299021006E0,4.103385558E0
3.778974375E0,-1.884888172E0,-2.004208088E0,-3.622968674E0,4.549236803E0
3.789020375E0,-2.214983702E0,-2.360565186E0,-3.922410965E0,5.085639446E0
3.799065375E0,-2.652185440E0,-2.658577681E0,-4.211649418E0,5.642704468E0
3.809111375E0,-3.102899313E0,-2.893502474E0,-4.469913006E0,6.162829139E0
3.819157375E0,-3.522415876E0,-3.028612375E0,-4.692319870E0,6.602860917E0
3.829202375E0,-3.927698851E0,-3.038771629E0,-4.872394562E0,6.957095661E0
3.839248375E0,-4.274815083E0,-2.973508596E0,-4.922362804E0,7.165574153E0
3.849294375E0,-4.526494026E0,-2.901132584E0,-4.995485306E0,7.338977577E0
3.859339375E0,-4.693021297E0,-2.886054039E0,-5.099568367E0,7.507286750E0
3.869385375E0,-4.791395187E0,-2.912878513E0,-5.120919704E0,7.593822996E0
3.879430375E0,-4.926434517E0,-2.920408010E0,-5.090078354E0,7.662077893E0
3.889476375E0,-5.098342896E0,-2.947914600E0,-4.987314224E0,7.717292527E0
3.899522375E0,-5.267704010E0,-3.029698372E0,-4.812219143E0,7.751466367E0
3.909567375E0,-5.464797497E0,-3.154849052E0,-4.626554966E0,7.824454938E0
3.919613375E0,-5.623484612E0,-3.269273996E0,-4.453146935E0,7.883035536E0
3.929658375E0,-5.750046253E0,-3.342475176E0,-4.281420231E0,7.909850277E0
3.939704375E0,-5.858742237E0,-3.360523939E0,-4.096784592E0,7.899469966E0
3.949750292E0,-5.964516163E0,-3.340141296E0,-3.907897711E0,7.874240373E0
3.959795292E0,-6.114760399E0,-3.283090115E0,-3.714225531E0,7.871749915E0
3.969841292E0,-6.247934818E0,-3.260843992E0,-3.513575554E0,7.874960712E0
3.979886292E0,-6.228904724E0,-3.334717035E0,-3.312442064E0,7.803323920E0
3.989932292E0,-6.023418903E0,-3.553071976E0,-3.039507866E0,7.625254344E0
3.999978292E0,-5.830024242E0,-3.936580181E0,-2.654009581E0,7.518617761E0
4.010023292E0,-5.677803040E0,-4.444431305E0,-2.213695049E0,7.542603181E0
4.020069292E0,-5.535167217E0,-5.065304756E0,-1.784021258E0,7.712205926E0
4.030115292E0,-5.419250965E0,-5.733546734E0,-1.370966434E0,8.007583165E0
4.040160292E0,-5.277514458E0,-6.371855259E0,-8.837648630E-1,8.320681380E0
4.050206292E0,-4.975557327E0,-6.890206814E0,-3.290735185E-1,8.505257788E0
4.060251292E0,-4.522848606E0,-7.408128262E0,2.779807448E-1,8.684111765E0
4.070297292E0,-4.012814522E0,-7.821362019E0,8.717608452E-1,8.833818607E0
4.080343292E0,-3.606254816E0,-7.915310383E0,1.439022183E0,8.816348286E0
4.090388292E0,-3.570180178E0,-7.791289806E0,2.049397230E0,8.811947138E0
4.100434292E0,-3.590685606E0,-7.717847347E0,2.692996025E0,8.928069130E0
4.110479292E0,-3.261479855E0,-7.557495117E0,3.251910686E0,8.850305441E0
4.120525292E0,-3.092667580E0,-7.227136612E0,3.668941736E0,8.675092497E0
4.130571292E0,-3.232482672E0,-6.628489494E0,4.029245853E0,8.403608710E0
4.140616292E0,-3.510130405E0,-5.991118431E0,4.339870453E0,8.188344831E0
4.150662292E0,-3.556051254E0,-5.470712185E0,4.654325485E0,8.014794948E0
4.160708292E0,-3.327724934E0,-5.235630989E0,4.923779488E0,7.920176105E0
4.170753292E0,-2.915982485E0,-5.381778717E0,5.112914562E0,7.975486902E0
4.180799292E0,-2.212234259E0,-5.940225124E0,5.650999069E0,8.491998906E0
4.190844292E0,-1.549341559E0,-6.582682133E0,6.061600685E0,9.081583903E0
4.200890292E0,-7.746767402E-1,-7.399421215E0,6.247935772E0,9.715362051E0
4.210936292E0,2.292154580E-1,-8.411774635E0,6.444194317E0,1.059896847E1
4.220981292E0,1.531498551E0,-9.413475037E0,6.722265244E0,1.166824109E1
4.231027292E0,2.767201424E0,-9.932624817E0,7.034770966E0,1.248208484E1
4.241072292E0,3.469976664E0,-9.738549232E0,7.368943691E0,1.269572410E1
4.251118292E0,3.521942854E0,-9.029830933E0,7.681287766E0,1.236705745E1
4.261164292E0,3.344514132E0,-8.083325386E0,7.761698246E0,1.169486570E1
4.271209292E0,3.397830486E0,-7.100079060E0,7.619955540E0,1.095536841E1
4.281255292E0,3.798786163E0,-6.155242920E0,7.466010094E0,1.039514783E1
4.291300292E0,4.347793102E0,-5.428803921E0,7.398308277E0,1.015431840E1
4.301346292E0,4.930591106E0,-5.021031380E0,7.321591377E0,1.015515559E1
4.311392292E0,5.588657856E0,-5.038898468E0,7.094174385E0,1.034170705E1
4.321437292E0,6.384107113E0,-5.352620602E0,6.564948082E0,1.060688051E1
4.331483292E0,7.196674824E0,-5.607517719E0,5.929089546E0,1.088073924E1
4.341529292E0,7.694464207E0,-5.756663322E0,5.272768021E0,1.096111466E1
4.351574292E0,7.840098858E0,-5.588944435E0,4.605287552E0,1.067296226E1
4.361620292E0,7.720783710E0,-5.251588821E0,3.978622198E0,1.014983354E1
4.371665292E0,7.668619156E0,-4.801007748E0,3.404086590E0,9.666705781E0
4.381711292E0,7.813319206E0,-4.500087261E0,2.891926765E0,9.469001151E0
4.391757292E0,8.156594276E0,-3.967619181E0,2.367374659E0,9.374246366E0
4.401802292E0,8.362221718E0,-3.249898672E0,2.066971302E0,9.206571772E0
4.411848292E0,8.253312111E0,-2.604100704E0,1.784307241E0,8.836416333E0
4.421893292E0,7.999408245E0,-2.237230062E0,1.382233858E0,8.420587929E0
4.431939292E0,7.691988945E0,-2.377030134E0,8.504117131E-1,8.095688128E0
4.441985292E0,7.765797615E0,-3.324533463E0,2.038881183E-1,8.449953000E0
4.452030292E0,8.589963913E0,-4.652127266E0,-8.314985633E-1,9.804139839E0
4.462076292E0,9.860713005E0,-5.734994411E0,-1.980233073E0,1.157778670E1
4.472122292E0,1.046874428E1,-5.819987774E0,-2.768270731E0,1.229350183E1
4.482167292E0,9.984370232E0,-4.424284935E0,-3.142616987E0,1.136388964E1
4.492213292E0,8.256816864E0,-2.915363550E0,-3.132716894E0,9.299907768E0
4.502258292E0,6.726355553E0,-2.509332657E0,-3.280886173E0,7.893340452E0
4.512304292E0,6.392107487E0,-3.440086126E0,-3.852999210E0,8.218201360E0
4.522350292E0,6.794613838E0,-5.308732986E0,-4.746060371E0,9.842485061E0
4.532395292E0,7.040668964E0,-7.009011269E0,-5.882838249E0,1.154578037E1
4.542441292E0,6.510833263E0,-7.761042118E0,-6.995746136E0,1.231118144E1
4.552487292E0,5.360860825E0,-7.372128010E0,-7.837076187E0,1.202110075E1
4.562532292E0,4.207626343E0,-6.304396152E0,-8.465116501E0,1.136255815E1
4.572578292E0,3.420614481E0,-5.090716839E0,-8.936155319E0,1.083839809E1
4.582623292E0,2.951592445E0,-4.111268520E0,-9.211883545E0,1.051062440E1
4.592669292E0,2.705187798E0,-3.512139320E0,-9.318662643E0,1.031943008E1
4.602715292E0,2.545531750E0,-3.378063440E0,-9.271843910E0,1.019108110E1
4.612760292E0,2.413645983E0,-3.676803589E0,-9.166709900E0,1.016725833E1
4.622806292E0,2.143708229E0,-4.124017239E0,-9.038616180E0,1.016364037E1
4.632851292E0,1.656255484E0,-4.267293930E0,-8.991162300E0,1.008930023E1
4.642897292E0,1.079804659E0,-3.814993143E0,-9.025233269E0,9.857737384E0
4.652943292E0,3.084932566E-1,-2.875620604E0,-9.103130341E0,9.551510035E0
4.662988292E0,-5.181143880E-1,-1.707185984E0,-9.212126732E0,9.383293954E0
4.673034292E0,-1.031035900E0,-7.835124135E-1,-9.288654327E0,9.378487402E0
4.683080292E0,-1.058955908E0,-4.837177098E-1,-9.249917030E0,9.322893087E0
4.693125292E0,-7.705522180E-1,-8.890721798E-1,-9.114418030E0,9.190038960E0
4.703171292E0,-3.783405125E-1,-1.910468698E0,-8.836832047E0,9.048902298E0
4.713216292E0,-1.303564459E-1,-3.256492615E0,-8.438362122E0,9.045866031E0
4.723262292E0,-3.829543591E-1,-4.566679001E0,-7.995954037E0,9.216099614E0
4.733308292E0,-1.082878828E0,-5.623436928E0,-7.576594353E0,9.497391822E0
4.743353292E0,-1.870364904E0,-6.275272846E0,-7.205921650E0,9.736663751E0
4.753399292E0,-2.459582806E0,-6.566947937E0,-6.856993198E0,9.807788156E0
4.763444292E0,-2.969519854E0,-6.643402100E0,-6.479135990E0,9.743307590E0
4.773490292E0,-3.407960176E0,-6.549386501E0,-6.059725761E0,9.551383796E0
4.783536292E0,-3.728782415E0,-6.395603180E0,-5.631164551E0,9.301482276E0
4.793581292E0,-3.899416685E0,-6.338909149E0,-5.167563438E0,9.060404603E0
4.803627292E0,-4.036335945E0,-6.456401348E0,-4.579418182E0,8.885279800E0
4.813673292E0,-4.095937729E0,-6.836800575E0,-3.937977791E0,8.889669120E0
4.823718292E0,-3.987497568E0,-7.518402100E0,-3.287073135E0,9.123122096E0
4.833764292E0,-3.909757137E0,-8.287631989E0,-2.612089634E0,9.528591559E0
4.843809292E0,-3.959203005E0,-8.887097359E0,-1.874942064E0,9.908137849E0
4.853855292E0,-4.232761383E0,-9.200038910E0,-1.138265133E0,1.019081117E1
4.863901292E0,-4.657402039E0,-9.254571915E0,-4.723095298E-1,1.037118949E1
4.873946292E0,-4.910239220E0,-9.282706261E0,1.283797622E-1,1.050216959E1
4.883992292E0,-4.841124058E0,-9.507027626E0,6.330506206E-1,1.068741360E1
4.894037292E0,-4.507060051E0,-1.004117584E1,1.129751444E0,1.106413760E1
4.904083292E0,-3.961954594E0,-1.079122734E1,1.766553164E0,1.163049362E1
4.914129292E0,-3.387809277E0,-1.155431938E1,2.602555037E0,1.231880030E1
4.924174292E0,-2.922779560E0,-1.177392292E1,3.438521385E0,1.260917644E1
4.934220292E0,-3.210833311E0,-1.068749428E1,3.973764181E0,1.184579192E1
4.944266375E0,-4.274604321E0,-8.728204727E0,4.137546539E0,1.056281644E1
4.954311375E0,-4.354352951E0,-7.143238544E0,4.386966228E0,9.446254243E0
4.964357375E0,-3.436621904E0,-6.294248581E0,4.768503666E0,8.612001075E0
4.974402375E0,-2.502533436E0,-6.021111488E0,5.216876507E0,8.350584269E0
4.984448375E0,-1.966028094E0,-6.137331963E0,5.687494755E0,8.595330516E0
4.994494375E0,-1.510941505E0,-6.640699387E0,6.269014359E0,9.256477386E0
5.004539375E0,-8.883469701E-1,-7.505970955E0,6.822619438E0,1.018218524E1
5.014585375E0,-6.595730782E-2,-8.700364113E0,7.105064869E0,1.123310433E1
5.024630375E0,1.108068585E0,-1.007528114E1,7.387612343E0,1.254256442E1
5.034676375E0,2.532640696E0,-1.120781994E1,7.767016411E0,1.386924802E1
5.044722375E0,3.710021973E0,-1.149734020E1,7.899478912E0,1.443450248E1
5.054767375E0,4.442837715E0,-1.070259571E1,7.932562828E0,1.404314477E1
5.064813375E0,4.528538227E0,-9.058470726E0,7.933761597E0,1.286499605E1
5.074859375E0,4.266323566E0,-7.117036343E0,7.799091339E0,1.138769287E1
5.084904375E0,4.158483982E0,-5.302901268E0,7.392156124E0,1.000288574E1
5.094950375E0,4.285574436E0,-4.071088791E0,6.906787395E0,9.090853883E0
5.104995375E0,4.807537079E0,-3.645294189E0,6.479484081E0,8.853490637E0
5.115041375E0,5.744641304E0,-4.457463741E0,6.117137432E0,9.502065937E0
5.125087375E0,7.161440849E0,-6.234469891E0,5.576175213E0,1.101129329E1
5.135132375E0,8.649632454E0,-7.916074753E0,4.774121761E0,1.265988229E1
5.145178375E0,9.540528297E0,-8.031004906E0,3.816595793E0,1.304166874E1
5.155224375E0,9.218133926E0,-6.184751511E0,3.054577827E0,1.151327886E1
5.165269375E0,8.086277008E0,-3.080874443E0,2.718389034E0,9.070242672E0
5.175315375E0,7.213195324E0,-1.599503309E-1,2.627835989E0,7.678625715E0
5.185360375E0,7.192584038E0,1.004973292E0,2.722763538E0,7.756073604E0
5.195406375E0,8.415650368E0,2.285387963E-1,2.546491623E0,8.795454546E0
5.205452375E0,1.045594311E1,-1.540309072E0,2.111256838E0,1.077760195E1
5.215497375E0,1.234622002E1,-2.824214458E0,1.217841268E0,1.272354013E1
5.225543375E0,1.219705963E1,-2.748770237E0,5.133422017E-1,1.251349358E1
5.235589375E0,1.011132622E1,-1.641294599E0,-3.183353692E-2,1.024371901E1
5.245634375E0,8.029543877E0,-6.882230043E-1,-4.759364128E-1,8.073025532E0
5.255680375E0,7.452346802E0,-1.313407063E0,-9.709324241E-1,7.629234610E0
5.265725375E0,8.706916809E0,-3.012913704E0,-2.025935650E0,9.433581746E0
5.275771375E0,1.091996193E1,-5.027383327E0,-3.284148693E0,1.246217414E1
5.285817375E0,1.166814423E1,-6.904930592E0,-4.778075218E0,1.437545335E1
5.295862375E0,1.076967907E1,-7.434095383E0,-6.311038017E0,1.452862562E1
5.305908375E0,8.958716393E0,-6.645928860E0,-7.344671249E0,1.335556684E1
5.315954375E0,7.130615234E0,-5.264655590E0,-8.024242401E0,1.195620083E1
5.325999375E0,5.877902985E0,-3.931068897E0,-8.602480888E0,1.113578572E1
5.336045375E0,5.302777767E0,-2.961243391E0,-8.995448112E0,1.085387033E1
5.346090375E0,5.201227188E0,-2.443868876E0,-9.292572021E0,1.092598527E1
5.356136375E0,5.090080738E0,-2.221920967E0,-9.523464203E0,1.102461905E1
5.366182375E0,4.774698257E0,-2.284091234E0,-9.661606789E0,1.101641784E1
5.376227375E0,4.341209412E0,-2.584462643E0,-9.741943359E0,1.097410619E1
5.386273375E0,3.751587629E0,-2.893982649E0,-9.794710159E0,1.088052813E1
5.396319375E0,2.977726460E0,-2.754392624E0,-9.722230911E0,1.053448183E1
5.406364375E0,2.115232229E0,-2.082710505E0,-9.596155167E0,1.004480385E1
5.416410375E0,1.313804984E0,-1.125547528E0,-9.556921959E0,9.712244751E0
5.426455375E0,6.289669275E-1,-1.660912782E-1,-9.524138451E0,9.546329082E0
5.436501375E0,1.583699733E-1,5.433532596E-1,-9.377882004E0,9.394944635E0
5.446547375E0,1.981442869E-1,7.554284930E-1,-9.197916985E0,9.231013499E0
5.456592375E0,6.288639903E-1,3.177160323E-1,-9.027971268E0,9.055422608E0
5.466638375E0,1.221041083E0,-7.914649844E-1,-8.767452240E0,8.887383019E0
5.476684375E0,1.706872344E0,-2.331314325E0,-8.487227440E0,8.965571331E0
5.486729375E0,1.807788014E0,-3.915903568E0,-8.181433678E0,9.248689382E0
5.496775375E0,1.400666475E0,-5.056512356E0,-7.899233341E0,9.483041240E0
5.506820375E0,5.764453411E-1,-5.620060921E0,-7.558539391E0,9.436572031E0
5.516866375E0,-3.601023555E-1,-5.690734863E0,-7.189513683E0,9.176232560E0
5.526912375E0,-1.108219266E0,-5.531997681E0,-6.877021790E0,8.895199659E0
5.536957375E0,-1.659239650E0,-5.427258015E0,-6.528627396E0,8.650501803E0
5.547003375E0,-1.947873592E0,-5.386801720E0,-6.125151157E0,8.386257866E0
5.557048375E0,-2.126371622E0,-5.519870281E0,-5.677334785E0,8.198936179E0
5.567094375E0,-2.301576376E0,-5.861541271E0,-5.235908985E0,8.189606998E0
5.577140375E0,-2.473091364E0,-6.336259365E0,-4.808733463E0,8.329962854E0
5.587185375E0,-2.629781723E0,-6.922509670E0,-4.352403641E0,8.589546525E0
5.597231375E0,-2.826651573E0,-7.521919727E0,-3.828156948E0,8.900787668E0
5.607277375E0,-3.047662735E0,-8.026614189E0,-3.253997087E0,9.181681792E0
5.617322375E0,-3.271341801E0,-8.519387245E0,-2.728612900E0,9.525070318E0
5.627368375E0,-3.460224867E0,-8.986293793E0,-2.284293175E0,9.896697811E0
5.637413375E0,-3.526053667E0,-9.494491577E0,-1.803741574E0,1.028746365E1
5.647459375E0,-3.382839680E0,-1.007736683E1,-1.281344056E0,1.070694957E1
5.657505375E0,-3.039418697E0,-1.084445000E1,-6.803281307E-1,1.128286347E1
5.667550375E0,-2.531781673E0,-1.170667076E1,3.665927798E-2,1.197737044E1
5.677596375E0,-2.003110886E0,-1.254475117E1,8.593558073E-1,1.273270307E1
5.687642375E0,-1.546135664E0,-1.312087440E1,1.783561110E0,1.333150295E1
5.697687375E0,-1.490989685E0,-1.274614906E1,2.661926031E0,1.310622815E1
5.707733375E0,-2.473238707E0,-1.121564674E1,3.158418417E0,1.191147550E1
5.717778375E0,-3.225015163E0,-9.154422760E0,3.663176537E0,1.037415255E1
5.727824375E0,-3.107048988E0,-7.521744251E0,4.249402523E0,9.180839384E0
5.737870375E0,-2.567595005E0,-6.609728813E0,4.868216038E0,8.601196805E0
5.747915375E0,-2.059484243E0,-6.323988438E0,5.509284496E0,8.636348810E0
5.757961375E0,-1.682038069E0,-6.591841698E0,6.019613743E0,9.083907675E0
5.768007375E0,-1.268786788E0,-7.260492802E0,6.482563019E0,9.815711840E0
5.778052375E0,-6.038506627E-1,-8.206915855E0,6.905209064E0,1.074243993E1
5.788098375E0,3.178930581E-1,-9.538759232E0,7.173977852E0,1.193963743E1
5.798143375E0,1.688055396E0,-1.104901218E1,7.398853302E0,1.340422439E1
5.808189375E0,3.344109774E0,-1.201886272E1,7.736983776E0,1.467981775E1
5.818235375E0,4.662835121E0,-1.180107212E1,7.915578842E0,1.495539110E1
5.828280375E0,5.134360313E0,-1.056583214E1,8.117469788E0,1.427906791E1
5.838326375E0,4.997280598E0,-8.589808464E0,8.178788185E0,1.287051666E1
5.848371375E0,4.781679630E0,-6.382141590E0,7.969604492E0,1.127434198E1
5.858417375E0,4.700038910E0,-4.420063972E0,7.660081863E0,1.001519772E1
5.868463375E0,4.720628262E0,-3.167981863E0,7.428350925E0,9.354188246E0
5.878508375E0,5.178143501E0,-2.940530539E0,7.223960400E0,9.361917209E0
5.888554375E0,6.224056244E0,-3.773895264E0,6.872557640E0,1.001065483E1
5.898600375E0,7.649685860E0,-4.819996357E0,6.296932697E0,1.101823126E1
5.908645375E0,8.990394592E0,-5.039853573E0,5.698056221E0,1.177689109E1
5.918691375E0,9.617857933E0,-4.291327000E0,5.289661407E0,1.178555032E1
5.928737375E0,9.428359985E0,-2.677613974E0,4.815545082E0,1.092030508E1
5.938782375E0,8.491477966E0,-7.702562809E-1,4.280683517E0,9.540584058E0
5.948828250E0,7.356862068E0,3.347664177E-1,3.810567141E0,8.291918353E0
5.958873250E0,7.101024628E0,-9.250113368E-2,3.437110424E0,7.889666361E0
5.968919250E0,8.355630875E0,-1.350506186E0,2.859335661E0,8.933993211E0
5.978965250E0,1.073114872E1,-3.181175947E0,1.878803730E0,1.134933199E1
5.989010250E0,1.305829716E1,-3.720165253E0,1.002813458E0,1.361485912E1
5.999056250E0,1.307652378E1,-3.049000502E0,6.854444742E-1,1.344476524E1
6.009102250E0,1.102199841E1,-1.999396801E0,4.696589410E-1,1.121171780E1
6.019147250E0,8.820659637E0,-1.412333608E0,-1.672539562E-1,8.934578700E0
6.029193250E0,7.868390083E0,-1.941387534E0,-1.053053260E0,8.172482440E0
6.039238250E0,8.098233223E0,-3.311738729E0,-2.171832085E0,9.014757310E0
6.049284250E0,8.952754974E0,-4.657845974E0,-3.703091145E0,1.074989464E1
6.059330250E0,9.793924332E0,-5.399563789E0,-5.427085400E0,1.243098946E1
6.069375250E0,9.946259499E0,-5.375331402E0,-6.580013752E0,1.308124026E1
6.079421250E0,9.366672516E0,-4.681525707E0,-7.119416714E0,1.266243781E1
6.089467250E0,8.561976433E0,-3.723986864E0,-7.597901821E0,1.203759240E1
6.099512250E0,7.676439762E0,-2.729739666E0,-8.121044159E0,1.150350226E1
6.109558250E0,6.746269703E0,-1.876623988E0,-8.437618256E0,1.096481985E1
6.119603250E0,5.992357731E0,-1.288350821E0,-8.692913055E0,1.063649079E1
6.129649250E0,5.575348854E0,-1.066002250E0,-8.961915016E0,1.060833617E1
6.139695250E0,5.269804478E0,-9.311953187E-1,-9.121435165E0,1.057537439E1
6.149740250E0,4.825780392E0,-4.773735106E-1,-9.234551430E0,1.043038743E1
6.159786250E0,4.270081520E0,7.995310426E-2,-9.266532898E0,1.020336320E1
6.169832250E0,3.730441093E0,5.740855932E-1,-9.307405472E0,1.004358311E1
6.179877250E0,3.330795050E0,1.081684589E0,-9.411131859E0,1.004159549E1
6.189923250E0,3.078128815E0,1.304897189E0,-9.420689583E0,9.996350629E0
6.199969250E0,2.940495253E0,1.138802886E0,-9.347463608E0,9.865011923E0
6.210014250E0,3.052290440E0,4.870043397E-1,-9.233020782E0,9.736648444E0
6.220060250E0,3.287098646E0,-6.407220364E-1,-9.078337669E0,9.676350401E0
6.230105250E0,3.431358814E0,-1.951028228E0,-8.922297478E0,9.756440270E0
6.240151250E0,3.127288103E0,-3.059362650E0,-8.847500801E0,9.870050716E0
6.250197250E0,2.442136526E0,-3.752885818E0,-8.700875282E0,9.785367313E0
6.260242250E0,1.818017006E0,-4.102173805E0,-8.494666100E0,9.606891688E0
6.270288250E0,1.307942271E0,-4.254950047E0,-8.299916267E0,9.418276006E0
6.280333250E0,7.612489462E-1,-4.331521988E0,-8.058968544E0,9.180879951E0
6.290379250E0,2.749088407E-1,-4.295300484E0,-7.722092628E0,8.840582316E0
6.300425250E0,-7.136882842E-2,-4.250631809E0,-7.313519478E0,8.459345805E0
6.310470250E0,-4.880877435E-1,-4.293810844E0,-6.915942669E0,8.155078431E0
6.320516250E0,-8.845620751E-1,-4.589491844E0,-6.574443817E0,8.066548020E0
6.330562250E0,-1.200189471E0,-5.072626591E0,-6.304005146E0,8.180004656E0
6.340607250E0,-1.444475770E0,-5.613733292E0,-6.081590176E0,8.401562401E0
6.350653250E0,-1.694889903E0,-6.231639862E0,-5.838547230E0,8.706010620E0
6.360698250E0,-1.977900028E0,-6.835006714E0,-5.582384586E0,9.043916351E0
6.370744250E0,-2.207390070E0,-7.367589951E0,-5.280263424E0,9.329262266E0
6.380790250E0,-2.296929359E0,-7.845137119E0,-4.872652054E0,9.516553942E0
6.390835250E0,-2.252021313E0,-8.430239677E0,-4.389549732E0,9.767737090E0
6.400881250E0,-2.015231133E0,-9.210496902E0,-3.851214886E0,1.018460926E1
6.410927250E0,-1.602477074E0,-1.032958603E1,-3.206886530E0,1.093400208E1
6.420972250E0,-1.037069440E0,-1.173733616E1,-2.474675894E0,1.204012433E1
6.431018250E0,-4.645841420E-1,-1.318953896E1,-1.691928029E0,1.330572797E1
6.441063250E0,-2.629587427E-2,-1.431799698E1,-7.894423604E-1,1.433976807E1
6.451109250E0,-1.972058266E-1,-1.434318447E1,-1.497657448E-1,1.434532191E1
6.461155250E0,-1.616134882E0,-1.276408768E1,2.430565059E-1,1.286829059E1
6.471200250E0,-2.637723684E0,-1.055901051E1,1.332177281E0,1.096471547E1
6.481246250E0,-3.001785517E0,-8.887742996E0,2.301558495E0,9.659185440E0
6.491292250E0,-2.784432650E0,-8.009629250E0,2.831349850E0,8.940009389E0
6.501337250E0,-2.378870726E0,-7.949831963E0,3.432633400E0,8.980079411E0
6.511383250E0,-2.010750771E0,-8.500977516E0,4.164939880E0,9.677626858E0
6.521428250E0,-1.526735067E0,-9.519249916E0,4.881587982E0,1.080633796E1
6.531474250E0,-5.717177987E-1,-1.093122578E1,5.559616089E0,1.227712871E1
6.541520250E0,1.031886458E0,-1.245635223E1,6.262766838E0,1.398026284E1
6.551565250E0,2.894858122E0,-1.335236835E1,6.882414818E0,1.529815603E1
6.561611250E0,4.252072811E0,-1.313062096E1,7.458498001E0,1.568829252E1
6.571657250E0,4.771419048E0,-1.168660164E1,7.957681179E0,1.492205707E1
6.581702250E0,4.436227322E0,-9.618967056E0,8.414424896E0,1.352801487E1
6.591748250E0,3.926789284E0,-7.395273209E0,8.639687538E0,1.203137318E1
6.601793250E0,3.654799938E0,-5.625646114E0,8.719981194E0,1.100197840E1
6.611839250E0,3.682757854E0,-4.720072269E0,8.817361832E0,1.065775104E1
6.621885250E0,4.393934250E0,-5.059219837E0,8.846996307E0,1.109827497E1
6.631930250E0,5.867442608E0,-6.215145588E0,8.340078354E0,1.194201928E1
6.641976250E0,7.430377007E0,-7.208128452E0,7.276196003E0,1.265348357E1
6.652022250E0,8.601986885E0,-7.481560230E0,6.262461662E0,1.300716525E1
6.662067250E0,9.164133072E0,-6.552680969E0,5.562231064E0,1.256413058E1
6.672113250E0,9.225818634E0,-4.178883553E0,5.169196129E0,1.137098878E1
6.682158250E0,8.737605095E0,-1.437029958E0,5.222907543E0,1.028054284E1
6.692204250E0,8.322194099E0,1.136704206E0,5.439180851E0,1.000678267E1
6.702250250E0,8.251401901E0,2.264498472E0,5.768209934E0,1.031919728E1
6.712295250E0,8.222054482E0,1.575070977E0,5.462009430E0,9.995827904E0
6.722341250E0,8.250082016E0,-3.969904184E-1,4.361554623E0,9.340482503E0
6.732387250E0,8.955731392E0,-2.740418196E0,3.051637411E0,9.850254187E0
6.742432250E0,1.049752712E1,-4.719319820E0,1.679175973E0,1.163140951E1
6.752478250E0,1.236176682E1,-5.533729076E0,2.239850312E-1,1.354568587E1
6.762524250E0,1.381818295E1,-4.398295403E0,-8.430919051E-1,1.452576973E1
6.772569250E0,1.347950077E1,-2.509728432E0,-1.212741375E0,1.376468014E1
6.782615250E0,1.166481686E1,-8.932827711E-1,-1.207310081E0,1.176110131E1
6.792660250E0,1.002432728E1,-3.342080116E-1,-1.570313334E0,1.015207941E1
6.802706250E0,9.369290352E0,-8.597140312E-1,-2.437231541E0,9.719197883E0
6.812752250E0,9.345066071E0,-1.904930234E0,-3.548582792E0,1.017602373E1
6.822797250E0,9.274232864E0,-2.712466717E0,-4.561194897E0,1.068519395E1
6.832843250E0,9.054756165E0,-2.944623709E0,-5.441954613E0,1.096696348E1
6.842889250E0,8.905965805E0,-2.330433130E0,-6.287263870E0,1.114795194E1
6.852934250E0,8.724091530E0,-1.155918837E0,-7.111470222E0,1.131454507E1
6.862980250E0,8.259246826E0,1.831537671E-2,-7.800777912E0,1.136079353E1
6.873026250E0,7.631503105E0,7.282672524E-1,-8.313714027E0,1.130876005E1
6.883071250E0,7.183312416E0,1.057424307E0,-8.675466537E0,1.131290604E1
6.893117250E0,6.902812004E0,1.256198406E0,-8.867401123E0,1.130741574E1
6.903162250E0,6.590780735E0,1.456929088E0,-8.877638817E0,1.115228694E1
6.913208250E0,6.106565475E0,1.651267409E0,-8.712047577E0,1.076645712E1
6.923254250E0,5.481502056E0,1.684679031E0,-8.525814056E0,1.027494591E1
6.933299250E0,4.895918369E0,1.381167293E0,-8.397566795E0,9.818185568E0
6.943345250E0,4.577932358E0,7.350578904E-1,-8.286684990E0,9.495626514E0
6.953391292E0,4.635785580E0,-2.163159251E-1,-8.244954109E0,9.461319611E0
6.963436292E0,4.824247360E0,-1.263437867E0,-8.340833664E0,9.717980451E0
6.973482292E0,4.854765415E0,-2.153306484E0,-8.460452080E0,9.989230473E0
6.983527292E0,4.570620537E0,-2.699136019E0,-8.505805969E0,1.002619781E1
6.993573292E0,3.967181683E0,-2.987973928E0,-8.508272171E0,9.851761976E0
7.003619292E0,3.304455519E0,-3.178309202E0,-8.432459831E0,9.598304770E0
7.013664292E0,2.795710325E0,-3.421457529E0,-8.310564041E0,9.412111481E0
7.023710292E0,2.431305885E0,-3.738619089E0,-8.170780182E0,9.308607296E0
7.033756292E0,2.023988485E0,-4.224822998E0,-7.987281322E0,9.259714989E0
7.043801292E0,1.559711814E0,-4.835959435E0,-7.775582790E0,9.288643191E0
7.053847292E0,1.027184725E0,-5.400515556E0,-7.522315979E0,9.316969165E0
7.063893292E0,4.448948503E-1,-5.794944763E0,-7.246313572E0,9.289153708E0
7.073938292E0,-1.439689249E-1,-5.999381065E0,-6.901521683E0,9.145725874E0
7.083984292E0,-7.404009700E-1,-6.134755135E0,-6.516682625E0,8.980566051E0
7.094029292E0,-1.206869841E0,-6.356626511E0,-6.119882107E0,8.905963867E0
7.104075292E0,-1.401630402E0,-6.854849339E0,-5.746812344E0,9.054246482E0
7.114121292E0,-1.294450998E0,-7.821384907E0,-5.372744083E0,9.576849390E0
7.124166292E0,-9.918039441E-1,-9.278921127E0,-5.017127037E0,1.059498070E1
7.134212292E0,-6.237047315E-1,-1.098969269E1,-4.544620991E0,1.190864950E1
7.144258292E0,-2.339092344E-1,-1.276073837E1,-3.914669752E0,1.334974893E1
7.154303292E0,2.128759772E-1,-1.431830311E1,-3.092225552E0,1.464994809E1
7.164349292E0,7.212381959E-1,-1.540508080E1,-2.068259478E0,1.556002558E1
7.174394292E0,9.344295263E-1,-1.563789177E1,-1.121382952E0,1.570586888E1
7.184440292E0,-1.383821070E-1,-1.415941429E1,-4.547862411E-1,1.416739190E1
7.194486292E0,-1.307772398E0,-1.187707996E1,9.900979996E-1,1.198981197E1
7.204531292E0,-1.863705039E0,-1.010348797E1,2.152616978E0,1.049702936E1
7.214577292E0,-1.808391929E0,-9.319505692E0,2.721133471E0,9.875628338E0
7.224623292E0,-1.752743006E0,-9.477976799E0,3.277893782E0,1.018080252E1
7.234668292E0,-1.696843266E0,-1.025565434E1,4.175316811E0,1.120227626E1
7.244714292E0,-1.158943295E0,-1.141882992E1,5.187360287E0,1.259529805E1
7.254759292E0,-4.326866567E-2,-1.243697166E1,6.104028702E0,1.385421606E1
7.264805292E0,1.052811146E0,-1.279303455E1,7.218607903E0,1.472679342E1
7.274851292E0,1.740096688E0,-1.237212467E1,8.421200752E0,1.506698468E1
7.284896292E0,2.098270416E0,-1.126778316E1,9.444595337E0,1.485146650E1
7.294942292E0,2.209431648E0,-9.801375389E0,1.005798626E1,1.421659718E1
7.304988292E0,2.186628819E0,-8.319373131E0,1.014270115E1,1.329916168E1
7.315033292E0,2.309300423E0,-7.140432835E0,9.885792732E0,1.241158924E1
7.325079292E0,2.805043936E0,-6.480631351E0,9.512587547E0,1.184720119E1
7.335125292E0,3.701688766E0,-6.311592579E0,9.099293709E0,1.167629422E1
7.345170292E0,4.820612907E0,-6.263519764E0,8.560965538E0,1.165161446E1
7.355216292E0,5.970942020E0,-5.810922623E0,8.088052750E0,1.161187184E1
7.365261292E0,6.874722958E0,-4.734528542E0,7.867745399E0,1.147078872E1
7.375307292E0,7.571125507E0,-3.127320051E0,7.744112492E0,1.127268160E1
7.385353292E0,7.563777447E0,-1.438385010E0,7.451360226E0,1.071459052E1
7.395398292E0,6.741021156E0,8.969185501E-2,7.200658798E0,9.864020376E0
7.405444292E0,5.445470810E0,6.940187216E-1,7.190987110E0,9.046828723E0
7.415490292E0,5.000591755E0,1.266788691E-1,6.945666313E0,8.559453602E0
7.425535292E0,5.964633465E0,-1.587644815E0,6.542978764E0,8.994889634E0
7.435581292E0,8.343727112E0,-3.194849730E0,5.956263065E0,1.073787300E1
7.445626292E0,1.095664978E1,-3.614881516E0,5.014997959E0,1.258037151E1
7.455672292E0,1.182961082E1,-2.919626713E0,4.043453693E0,1.283796830E1
7.465718292E0,1.105514240E1,-1.379122853E0,3.409348726E0,1.165082882E1
7.475763292E0,1.004827881E1,-2.602625489E-1,2.717853069E0,1.041260625E1
7.485809292E0,9.936700821E0,-3.431221247E-1,1.611452103E0,1.007236486E1
7.495855292E0,1.059515190E1,-1.336607099E0,4.174709022E-1,1.068728423E1
7.505900292E0,1.138246822E1,-2.557320356E0,-6.826826334E-1,1.168616814E1
7.515946292E0,1.188126183E1,-3.065574408E0,-1.762483120E0,1.239630896E1
7.525992292E0,1.202205944E1,-2.769657373E0,-2.652614594E0,1.261892544E1
7.536037292E0,1.177778339E1,-2.177636147E0,-3.511788845E0,1.248162416E1
7.546083292E0,1.110920811E1,-1.463685870E0,-4.430766582E0,1.204942213E1
7.556129292E0,1.030811501E1,-7.230873704E-1,-5.291378021E0,1.160942598E1
7.566174292E0,9.752557755E0,-2.927124202E-1,-6.077611923E0,1.149501762E1
7.576220292E0,9.507933617E0,-1.940290034E-1,-6.754610062E0,1.166461341E1
7.586265292E0,9.403975487E0,-3.775065243E-1,-7.438619614E0,1.199626308E1
7.596311292E0,9.268685341E0,-4.487007856E-1,-7.853258133E0,1.215662468E1
7.606357292E0,8.748026848E0,-3.924180269E-1,-7.869887352E0,1.177357603E1
7.616402292E0,7.896084309E0,-3.233132660E-1,-7.857686520E0,1.114432216E1
7.626448292E0,6.883514881E0,-2.461527884E-1,-7.943411827E0,1.051385561E1
7.636494292E0,5.815771103E0,-6.880622357E-2,-8.000178337E0,9.890944406E0
7.646539292E0,4.981622696E0,1.576344967E-1,-8.045998573E0,9.464645073E0
7.656585292E0,4.459634781E0,4.055689275E-1,-8.124156952E0,9.276570202E0
7.666630292E0,4.091826916E0,4.478055537E-1,-8.220866203E0,9.193814141E0
7.676676292E0,3.953525782E0,3.090559244E-1,-8.169343948E0,9.080972537E0
7.686722292E0,4.113543510E0,-2.136137486E-1,-8.022366524E0,9.018050548E0
7.696767292E0,4.524366379E0,-1.163383722E0,-7.937676907E0,9.210323962E0
7.706813292E0,4.811213970E0,-2.183171511E0,-7.893387794E0,9.498399264E0
7.716859292E0,4.627394676E0,-3.055346489E0,-7.758139610E0,9.536071197E0
7.726904292E0,4.137464046E0,-3.772123575E0,-7.571537018E0,9.416777464E0
7.736950292E0,3.644208908E0,-4.427223206E0,-7.437773228E0,9.391540580E0
7.746996292E0,3.086187840E0,-4.870575905E0,-7.362331867E0,9.351523702E0
7.757041292E0,2.477497101E0,-4.955467224E0,-7.194900990E0,9.080817559E0
7.767087292E0,1.864341736E0,-4.821238995E0,-6.936156750E0,8.650455827E0
7.777132292E0,1.296266317E0,-4.580780029E0,-6.583336830E0,8.124295407E0
7.787178292E0,6.757653952E-1,-4.472843170E0,-6.178894520E0,7.657788348E0
7.797224292E0,1.155135110E-1,-4.586608410E0,-5.839673042E0,7.426446076E0
7.807269292E0,-4.692715108E-1,-5.035429478E0,-5.664610863E0,7.593654061E0
7.817315292E0,-1.160032392E0,-5.715385914E0,-5.481241703E0,8.003456872E0
7.827361292E0,-1.581434011E0,-6.513367176E0,-5.235678673E0,8.505128845E0
7.837406292E0,-1.549169302E0,-7.479804516E0,-5.029992104E0,9.145940175E0
7.847452292E0,-1.225791097E0,-8.602518082E0,-4.785787106E0,9.920163274E0
7.857498292E0,-7.360299826E-1,-9.734355927E0,-4.311143398E0,1.067170946E1
7.867543292E0,-1.864994466E-1,-1.081537437E1,-3.678525448E0,1.142535139E1
7.877589292E0,3.449271321E-1,-1.187148476E1,-2.983704567E0,1.224555503E1
7.887634292E0,7.852220535E-1,-1.289470196E1,-2.205869198E0,1.310556260E1
7.897680292E0,1.044359803E0,-1.376542282E1,-1.458742976E0,1.388184008E1
7.907726292E0,7.583714128E-1,-1.388446903E1,-1.080104470E0,1.394705106E1
7.917771292E0,-4.635246992E-1,-1.257123852E1,-6.904381514E-1,1.259871414E1
7.927817292E0,-1.593332171E0,-1.086056900E1,5.391925573E-1,1.099005892E1
7.937863292E0,-2.155955553E0,-9.816093445E0,1.373101473E0,1.014343347E1
7.947908625E0,-2.017185688E0,-9.663711548E0,2.007851362E0,1.007411664E1
7.957954625E0,-1.494489074E0,-1.042429829E1,2.969265938E0,1.094148219E1
7.967999625E0,-7.771467566E-1,-1.169282627E1,4.118503094E0,1.242128057E1
7.978045625E0,3.109569252E-1,-1.311242104E1,5.432069302E0,1.419646634E1
7.988091625E0,1.616034865E0,-1.412349319E1,6.737535954E0,1.573146590E1
7.998136625E0,2.528775692E0,-1.445131493E1,7.949584484E0,1.668625491E1
8.008182625E0,2.838539600E0,-1.388365173E1,9.050971031E0,1.681467125E1
8.018228625E0,2.888109922E0,-1.225240898E1,9.751098633E0,1.592314759E1
8.028273625E0,2.487495899E0,-9.893540382E0,9.986124039E0,1.427558932E1
8.038319625E0,1.662777662E0,-7.296473980E0,1.003725433E1,1.251997750E1
8.048365625E0,7.219067812E-1,-4.930360317E0,9.914981842E0,1.109668722E1
8.058410625E0,1.562785059E-1,-3.179065228E0,9.677406311E0,1.018739769E1
8.068456625E0,2.249076068E-1,-2.412759781E0,9.381343842E0,9.689252059E0
8.078501625E0,1.013633966E0,-2.632869720E0,8.990027428E0,9.422316591E0
8.088547625E0,2.412701130E0,-3.514716387E0,8.641449928E0,9.635819368E0
8.098593625E0,4.123709679E0,-4.363381863E0,8.514911652E0,1.041862770E1
8.108638625E0,5.852398396E0,-4.518293858E0,8.604262352E0,1.134455275E1
8.118684625E0,7.004639149E0,-3.813743114E0,8.771781921E0,1.185553728E1
8.128730625E0,7.590996742E0,-2.371592045E0,8.935692787E0,1.196220239E1
8.138775625E0,7.562071323E0,-9.635705352E-1,8.933585167E0,1.174403401E1
8.148821625E0,7.131114960E0,-2.102223784E-1,8.679045677E0,1.123489332E1
8.158867625E0,6.861341000E0,-7.221804857E-1,8.330818176E0,1.081674981E1
8.168912625E0,7.396469593E0,-2.423488617E0,7.690657139E0,1.094199556E1
8.178958625E0,9.046216011E0,-4.259595871E0,6.720394135E0,1.204748432E1
8.189004625E0,1.109311676E1,-5.619114876E0,5.625003338E0,1.364816303E1
8.199049625E0,1.285287285E1,-5.796117783E0,4.482927322E0,1.479486259E1
8.209095625E0,1.344169331E1,-5.263587475E0,3.410794497E0,1.483300344E1
8.219140625E0,1.324051762E1,-4.413708210E0,2.186708450E0,1.412705988E1
8.229186625E0,1.296799755E1,-3.566622496E0,8.033977747E-1,1.347350008E1
8.239232625E0,1.272840118E1,-3.353973389E0,-6.499510407E-1,1.317891386E1
8.249277625E0,1.245943165E1,-3.575275183E0,-1.931372046E0,1.310535111E1
8.259323625E0,1.219153976E1,-3.761671543E0,-3.092151642E0,1.312803170E1
8.269369625E0,1.204631424E1,-3.730178833E0,-4.088243008E0,1.325675872E1
8.279414625E0,1.165177059E1,-2.902293205E0,-4.975550175E0,1.299781379E1
8.289460625E0,1.106845474E1,-1.752256513E0,-5.802172184E0,1.261928268E1
8.299506625E0,1.011354160E1,-4.901561737E-1,-6.345973492E0,1.194970110E1
8.309551625E0,9.025444031E0,7.006411552E-1,-6.767383099E0,1.130252237E1
8.319597625E0,8.133699417E0,1.648928881E0,-7.018765926E0,1.086918156E1
8.329642625E0,7.278879642E0,2.211791754E0,-7.091502190E0,1.040016899E1
8.339688625E0,6.503021240E0,2.534261227E0,-7.076749325E0,9.939423838E0
8.349734625E0,5.909415245E0,2.687861204E0,-7.018484116E0,9.560591283E0
8.359779625E0,5.386452675E0,2.689738989E0,-6.956257820E0,9.199896255E0
8.369825625E0,5.231082916E0,2.626875877E0,-6.814487934E0,8.983426471E0
8.379871625E0,5.541277409E0,2.142711163E0,-6.590051174E0,8.872752725E0
8.389916625E0,6.192581654E0,1.130982637E0,-6.462672710E0,9.021825083E0
8.399962625E0,6.857666016E0,-1.304784864E-1,-6.573698521E0,9.500427362E0
8.410008625E0,7.137176991E0,-1.377297163E0,-6.790662289E0,9.947328143E0
8.420053625E0,6.927947044E0,-2.364683628E0,-7.017755508E0,1.014086147E1
8.430099625E0,6.466113091E0,-2.966389179E0,-7.133092880E0,1.007427900E1
8.440145625E0,5.930170536E0,-3.207915545E0,-7.335054874E0,9.962965158E0
8.450190625E0,5.217488289E0,-3.200316668E0,-7.475184441E0,9.661397065E0
8.460236625E0,4.605498791E0,-3.142044544E0,-7.350649357E0,9.225785007E0
8.470281625E0,4.118947983E0,-3.241383553E0,-7.114022255E0,8.836380054E0
8.480327625E0,3.826067448E0,-3.557306767E0,-6.900702477E0,8.655224908E0
8.490373625E0,3.539910555E0,-4.161190033E0,-6.669131756E0,8.621124498E0
8.500418625E0,3.260802746E0,-4.804071426E0,-6.446796417E0,8.676008348E0
8.510464625E0,2.811400414E0,-5.346727848E0,-6.261736870E0,8.700621793E0
8.520510625E0,2.166152000E0,-5.781189442E0,-5.933305264E0,8.562620931E0
8.530555625E0,1.446344733E0,-6.236781597E0,-5.451320171E0,8.408700815E0
8.540601625E0,8.681533337E-1,-6.842405796E0,-5.000033379E0,8.518951877E0
8.550646625E0,5.442438126E-1,-7.649417877E0,-4.702779293E0,8.995883962E0
8.560692625E0,3.704962730E-1,-8.583963394E0,-4.495834827E0,9.697124617E0
8.570738625E0,1.779448390E-1,-9.454246521E0,-4.240396976E0,1.036317558E1
8.580783625E0,-9.912032634E-2,-1.017761040E1,-3.900139093E0,1.089975519E1
8.590829625E0,-3.396978080E-1,-1.084394741E1,-3.467515230E0,1.138991887E1
8.600875625E0,-3.924643397E-1,-1.159567928E1,-2.985203743E0,1.198020232E1
8.610920625E0,-2.190042883E-1,-1.244778919E1,-2.528065681E0,1.270380001E1
8.620966625E0,-1.038401499E-1,-1.326327705E1,-2.056570053E0,1.342217499E1
8.631012625E0,-1.561332494E-1,-1.358730507E1,-1.638988853E0,1.368669139E1
8.641057625E0,-5.506960154E-1,-1.305810738E1,-1.161748052E0,1.312124586E1
8.651103625E0,-1.127968073E0,-1.188892174E1,-3.097139299E-1,1.194632558E1
8.661148625E0,-1.782119274E0,-1.065379047E1,5.074317455E-1,1.081372681E1
8.671194625E0,-2.453426838E0,-9.444994926E0,1.141518354E0,9.824983286E0
8.681240625E0,-3.053130627E0,-8.608577728E0,1.714044929E0,9.293393737E0
8.691285625E0,-3.453108072E0,-8.357851982E0,2.305985928E0,9.332481782E0
8.701331625E0,-3.345411301E0,-8.913742065E0,3.066869974E0,1.000261295E1
8.711377625E0,-2.423856735E0,-1.035044289E1,3.953370094E0,1.134177607E1
8.721422625E0,-8.344273567E-1,-1.214940643E1,4.794960976E0,1.308800964E1
8.731468625E0,8.348118663E-1,-1.350871754E1,5.812380791E0,1.472977022E1
8.741514625E0,2.037042141E0,-1.375339413E1,6.916959286E0,1.552899599E1
8.751559625E0,2.155997038E0,-1.268017197E1,7.967949390E0,1.513021156E1
8.761605625E0,1.453487158E0,-1.053166485E1,8.871173859E0,1.384652718E1
8.771650625E0,5.714653730E-1,-8.208078384E0,9.303171158E0,1.241966654E1
8.781696625E0,-5.698572472E-2,-6.512328148E0,9.344956398E0,1.139042911E1
8.791742625E0,-2.515001409E-2,-5.774852276E0,9.291784286E0,1.094014655E1
8.801787625E0,8.794863820E-1,-6.064845085E0,9.046426773E0,1.092674149E1
8.811833625E0,2.475978851E0,-6.868952751E0,8.636952400E0,1.130972723E1
8.821879625E0,4.487383366E0,-7.538943768E0,8.411772728E0,1.215443142E1
8.831924625E0,6.541542053E0,-7.583467007E0,8.249766350E0,1.297533773E1
8.841970625E0,7.966576576E0,-6.426109791E0,8.004207611E0,1.299340482E1
8.852016625E0,8.315235138E0,-4.358760357E0,7.946849346E0,1.230017649E1
8.862061625E0,7.735790730E0,-1.912132263E0,7.996126175E0,1.128878832E1
8.872107625E0,6.548594952E0,-6.108431518E-2,7.941799641E0,1.029368781E1
8.882153625E0,5.463701725E0,4.718410969E-1,7.757127762E0,9.499879035E0
8.892198625E0,5.251095295E0,-4.987571239E-1,7.515480042E0,9.181786358E0
8.902244625E0,6.458907127E0,-2.155588150E0,6.937126637E0,9.720481857E0
8.912289625E0,8.871082306E0,-3.492896080E0,6.144393921E0,1.134239838E1
8.922335625E0,1.075893784E1,-4.129831791E0,5.253976345E0,1.266548544E1
8.932381625E0,1.141539478E1,-3.810278893E0,4.546607971E0,1.286472337E1
8.942426625E0,1.133963680E1,-3.061529160E0,3.884998083E0,1.237148066E1
8.952473125E0,1.119773006E1,-2.606312513E0,2.842520237E0,1.184322358E1
8.962519125E0,1.137364101E1,-2.613209248E0,1.532638431E0,1.177019766E1
8.972564125E0,1.172660828E1,-2.899028778E0,2.895604670E-1,1.208311031E1
8.982610125E0,1.195641327E1,-3.078606129E0,-7.553395629E-1,1.236948551E1
8.992656125E0,1.194877815E1,-3.119660139E0,-1.731380463E0,1.247009451E1
9.002701125E0,1.176739693E1,-2.751759768E0,-2.562652826E0,1.235358255E1
9.012747125E0,1.136178493E1,-2.164058685E0,-3.309298277E0,1.203016051E1
9.022793125E0,1.080136395E1,-1.515310526E0,-4.120502949E0,1.165951001E1
9.032838125E0,1.007869339E1,-9.569144845E-1,-4.980102062E0,1.128260441E1
9.042884125E0,9.358825684E0,-5.646979809E-1,-5.744356632E0,1.099564164E1
9.052929125E0,8.916041374E0,-2.411667854E-1,-6.289254665E0,1.091369229E1
9.062975125E0,8.707876205E0,1.085699126E-1,-6.599773407E0,1.092684330E1
9.073021125E0,8.304274559E0,5.776119828E-1,-6.749859333E0,1.071705242E1
9.083066125E0,7.558328629E0,1.178033352E0,-6.798305511E0,1.023391675E1
9.093112125E0,6.624831200E0,1.800106883E0,-6.828734875E0,9.682995053E0
9.103158125E0,5.717496872E0,2.190840483E0,-6.859684944E0,9.194826265E0
9.113203125E0,5.147807598E0,2.288246870E0,-6.901775837E0,8.909012656E0
9.123249125E0,5.054939270E0,2.023372889E0,-6.899088383E0,8.788849150E0
9.133295125E0,5.262185574E0,1.425425053E0,-6.865104198E0,8.766532339E0
9.143340125E0,5.615154743E0,6.653024554E-1,-6.889327526E0,8.912655267E0
9.153386125E0,5.900089264E0,-1.760717928E-1,-6.938906670E0,9.109911106E0
9.163432125E0,5.964323521E0,-9.253814220E-1,-7.030578136E0,9.265986983E0
9.173477125E0,5.718906403E0,-1.401088476E0,-7.199748516E0,9.300823515E0
9.183523125E0,5.262551308E0,-1.582375765E0,-7.303728104E0,9.140175247E0
9.193568125E0,4.765839577E0,-1.723325253E0,-7.296267986E0,8.883614317E0
9.203614125E0,4.394908428E0,-1.967563510E0,-7.256314278E0,8.708652201E0
9.213660125E0,4.102396011E0,-2.350184202E0,-7.245160103E0,8.651321502E0
9.223705125E0,3.871111155E0,-2.855963945E0,-7.235444069E0,8.688710060E0
9.233751125E0,3.682171822E0,-3.418028831E0,-7.139602661E0,8.730133823E0
9.243797125E0,3.466442823E0,-3.844244003E0,-7.021711826E0,8.723466901E0
9.253842125E0,3.059195757E0,-4.059927464E0,-6.883354187E0,8.557000324E0
9.263888125E0,2.439454556E0,-4.157986164E0,-6.597820759E0,8.171354003E0
9.273934125E0,1.739025235E0,-4.312995911E0,-6.215037346E0,7.762269752E0
9.283979125E0,1.190707564E0,-4.641933918E0,-5.928610325E0,7.623237855E0
9.294025125E0,8.736395836E-1,-5.164767742E0,-5.754616261E0,7.781624526E0
9.304071125E0,6.385610104E-1,-5.872467995E0,-5.595573425E0,8.136589118E0
9.314116125E0,4.317710996E-1,-6.617121696E0,-5.520610809E0,8.628433782E0
9.324162125E0,2.218559533E-1,-7.287292004E0,-5.435444355E0,9.093838582E0
9.334207125E0,3.726522997E-2,-7.915050983E0,-5.210702419E0,9.476330538E0
9.344253125E0,-4.761157930E-2,-8.602073669E0,-4.857869625E0,9.879111072E0
9.354299125E0,1.043560430E-1,-9.494981766E0,-4.466711521E0,1.049366860E1
9.364344125E0,4.597509205E-1,-1.061977291E1,-4.074122429E0,1.138373494E1
9.374390125E0,8.509705067E-1,-1.172462463E1,-3.764888525E0,1.234363639E1
9.384436125E0,8.596665263E-1,-1.198827076E1,-3.623932123E0,1.255350733E1
9.394481125E0,3.022590876E-1,-1.125726509E1,-3.102157831E0,1.168078598E1
9.404527125E0,-5.284892321E-1,-9.963549614E0,-1.947891951E0,1.016591879E1
9.414573125E0,-1.420758486E0,-8.656604767E0,-1.043907166E0,8.834313948E0
9.424618125E0,-2.238186121E0,-7.623360634E0,-5.396407247E-1,7.963436229E0
9.434664125E0,-2.839576721E0,-7.112712383E0,-4.681958258E-2,7.658724794E0
9.444709125E0,-3.251920700E0,-7.267941475E0,3.565081656E-1,7.970260949E0
9.454755125E0,-3.371962309E0,-8.021280289E0,8.032929897E-1,8.738211883E0
9.464801125E0,-3.120081663E0,-9.206234932E0,1.414781451E0,9.822997392E0
9.474846125E0,-2.332445145E0,-1.075476742E1,2.274139881E0,1.123730549E1
9.484892125E0,-9.708064795E-1,-1.248332596E1,3.156558514E0,1.291277483E1
9.494938125E0,7.163000703E-1,-1.386629486E1,4.081407070E0,1.447221830E1
9.504983125E0,2.335224152E0,-1.453912449E1,5.247498512E0,1.563251910E1
9.515029125E0,3.376143694E0,-1.442278957E1,6.354917049E0,1.611831803E1
9.525075125E0,3.343559742E0,-1.310534477E1,7.502320290E0,1.546655304E1
9.535120125E0,2.417359829E0,-1.076983738E1,8.622644424E0,1.400653500E1
9.545166125E0,8.915856481E-1,-8.467562675E0,9.242161751E0,1.256630799E1
9.555211125E0,-4.994989336E-1,-6.917868614E0,9.330020905E0,1.162564817E1
9.565257125E0,-8.458821177E-1,-6.155071259E0,9.048300743E0,1.097598128E1
9.575303125E0,-1.782414466E-1,-6.024825573E0,8.554227829E0,1.046446878E1
9.585348125E0,1.164392829E0,-5.972915649E0,8.185802460E0,1.019994578E1
9.595394125E0,2.790539980E0,-5.683640003E0,8.113631248E0,1.029183604E1
9.605440125E0,4.429790497E0,-4.747618198E0,8.434919357E0,1.064475396E1
9.615485125E0,5.605793953E0,-3.519417286E0,8.902826309E0,1.109376132E1
9.625531125E0,6.189580917E0,-2.373508453E0,9.091848373E0,1.125194033E1
9.635577125E0,6.249599934E0,-1.826265931E0,8.929735184E0,1.105137625E1
9.645622125E0,5.942266464E0,-2.126859188E0,8.422682762E0,1.052500098E1
9.655668125E0,5.546118736E0,-3.044189692E0,7.712063313E0,9.975091200E0
9.665714125E0,5.653435707E0,-3.631284952E0,6.955824852E0,9.671146006E0
9.675759125E0,6.700911045E0,-3.021840811E0,6.320771217E0,9.694631478E0
9.685805125E0,7.340921879E0,-1.641349435E0,5.716740131E0,9.447977547E0
9.695851125E0,7.167532921E0,3.191046417E-2,5.448054790E0,9.003102101E0
9.705896125E0,6.698900700E0,9.032887816E-1,5.358415127E0,8.625764539E0
9.715942125E0,6.439584732E0,6.350697279E-1,4.998855591E0,8.176803917E0
9.725987125E0,6.902118683E0,-4.444066584E-1,4.336662292E0,8.163539639E0
9.736033125E0,7.929938793E0,-2.009495735E0,3.575509310E0,8.927836759E0
9.746079125E0,9.205155373E0,-3.141036987E0,2.904092312E0,1.015060348E1
9.756124125E0,1.026426125E1,-3.632783890E0,2.162494659E0,1.110083604E1
9.766170125E0,1.077581882E1,-3.352757454E0,1.473061681E0,1.138108802E1
9.776216125E0,1.090637875E1,-2.504294634E0,9.472663999E-1,1.123022273E1
9.786261125E0,1.053329277E1,-1.677397728E0,4.755084515E-1,1.067661126E1
9.796307125E0,9.744454384E0,-1.164992929E0,-1.223216020E-2,9.813854971E0
9.806353125E0,8.830492020E0,-8.400313854E-1,-4.498023093E-1,8.881754565E0
9.816398125E0,7.952547073E0,-7.913548946E-1,-8.440027237E-1,8.036267051E0
9.826444125E0,7.297020435E0,-8.599855900E-1,-1.235969663E0,7.450751872E0
9.836490125E0,6.895746708E0,-9.384577870E-1,-1.587580323E0,7.138097573E0
9.846535125E0,6.659619808E0,-9.768216610E-1,-1.808954597E0,6.969722611E0
9.856581125E0,6.513294220E0,-9.837926030E-1,-1.849129796E0,6.841792929E0
9.866626125E0,6.478283405E0,-8.534297943E-1,-1.890555263E0,6.802256794E0
9.876672125E0,6.520844460E0,-6.019703746E-1,-2.021871090E0,6.853593474E0
9.886718125E0,6.455343723E0,-2.812623978E-1,-2.176850319E0,6.818302460E0
9.896763125E0,6.201516628E0,1.137141958E-1,-2.303128004E0,6.616353831E0
9.906809125E0,5.671926022E0,6.045715213E-1,-2.371182919E0,6.177277714E0
9.916855125E0,5.014141083E0,1.039124131E0,-2.417897940E0,5.662827934E0
9.926900125E0,4.351651192E0,1.403127909E0,-2.405972242E0,5.166656409E0
9.936946125E0,3.769575596E0,1.655100703E0,-2.361059904E0,4.745910069E0
9.946992125E0,3.394539833E0,1.755414009E0,-2.289918900E0,4.455121501E0
9.957036750E0,3.230037451E0,1.730322719E0,-2.196901083E0,4.272415360E0
9.967082750E0,3.258342266E0,1.725242496E0,-2.096758842E0,4.241421181E0
9.977127750E0,3.407119036E0,1.777563572E0,-2.019749880E0,4.341380190E0
9.987173750E0,3.549643993E0,1.982310653E0,-1.965856433E0,4.515984889E0
9.997219750E0,3.619578362E0,2.330781937E0,-1.896696925E0,4.704397005E0
1.000726475E1,3.607089996E0,2.704294682E0,-1.732772470E0,4.829783473E0
1.001731075E1,3.555935144E0,3.093376637E0,-1.580915570E0,4.971211905E0
1.002735675E1,3.555953979E0,3.412071943E0,-1.522520900E0,5.158014496E0
1.003740175E1,3.564373970E0,3.568557978E0,-1.475340009E0,5.255092385E0
1.004744775E1,3.533483267E0,3.483205080E0,-1.491981864E0,5.181141912E0
1.005749375E1,3.535105705E0,3.275087833E0,-1.544658780E0,5.060547738E0
1.006753875E1,3.509518623E0,3.090759039E0,-1.521124959E0,4.917655289E0
1.007758475E1,3.455354214E0,2.944584370E0,-1.500135303E0,4.781260898E0
1.008762975E1,3.390461922E0,2.933125496E0,-1.508799076E0,4.730214780E0
1.009767575E1,3.274639606E0,3.096935034E0,-1.542024016E0,4.763623539E0
1.010772175E1,3.103037119E0,3.342549801E0,-1.534624696E0,4.812125465E0
1.011776675E1,2.904268265E0,3.632775307E0,-1.437472582E0,4.868075390E0
1.012781275E1,2.718770504E0,3.833269358E0,-1.252659917E0,4.863622507E0
1.013785875E1,2.534259081E0,3.885075569E0,-1.088766217E0,4.764629381E0
1.014790375E1,2.359187126E0,3.745264769E0,-9.736527801E-1,4.532192827E0
1.015794975E1,2.198118448E0,3.382462025E0,-9.013241529E-1,4.133419806E0
1.016799575E1,2.047278166E0,2.949794054E0,-8.502425551E-1,3.689924830E0
1.017804075E1,1.915218234E0,2.513309956E0,-8.577830195E-1,3.274229608E0
1.018808675E1,1.814628839E0,2.195478916E0,-8.932395577E-1,2.985110116E0
1.019813275E1,1.725769997E0,1.991316438E0,-9.212735891E-1,2.791481374E0
1.020817775E1,1.631783843E0,1.910333633E0,-9.036197662E-1,2.669947899E0
1.021822375E1,1.551169157E0,1.895329833E0,-7.696894407E-1,2.567259777E0
1.022826875E1,1.491028309E0,1.907460213E0,-5.789820552E-1,2.489335273E0
1.023831475E1,1.427426338E0,1.863749027E0,-4.070697725E-1,2.382606175E0
1.024836075E1,1.389175057E0,1.711678982E0,-2.748140097E-1,2.221525381E0
1.025840575E1,1.390828371E0,1.484180331E0,-1.294670701E-1,2.038125741E0
1.026845175E1,1.406149030E0,1.178719759E0,2.915746346E-2,1.835070985E0
1.027849775E1,1.428064585E0,7.701166868E-1,1.455004513E-1,1.628993110E0
1.028854275E1,1.480929494E0,3.643382788E-1,1.556060910E-1,1.533006133E0
1.029858875E1,1.506055117E0,2.416353300E-2,1.043503433E-1,1.509859227E0
1.030863475E1,1.395894527E0,-2.375133485E-1,4.646707326E-2,1.416719207E0
1.031867975E1,1.221963406E0,-3.268354833E-1,-1.317495201E-2,1.264985999E0
1.032872575E1,1.079358101E0,-2.156722397E-1,-2.685001865E-2,1.101021956E0
1.033877075E1,9.380891919E-1,1.052924152E-2,1.814530417E-2,9.383237442E-1
1.034881675E1,7.541849017E-1,2.574157119E-1,1.322066337E-1,8.077971953E-1
1.035886275E1,5.527594090E-1,4.342568517E-1,2.079289705E-1,7.330459973E-1
1.036890775E1,4.144180417E-1,4.974424839E-1,1.719959974E-1,6.699059346E-1
1.037895375E1,3.774782717E-1,4.921197593E-1,1.239806786E-1,6.324894559E-1
1.038899975E1,4.072636068E-1,3.681858480E-1,6.446596235E-2,5.527932022E-1
1.039904475E1,4.516365230E-1,2.063283622E-1,-1.045291126E-2,4.966449490E-1
1.040909075E1,4.747586250E-1,1.192541718E-1,-8.890377730E-2,4.975150160E-1
1.041913675E1,4.650165737E-1,1.118518934E-1,-1.532782316E-1,5.022404565E-1
1.042918175E1,4.423003197E-1,2.043799758E-1,-1.963074654E-1,5.252974094E-1
1.043922775E1,3.475544751E-1,3.272106946E-1,-1.900645494E-1,5.137951778E-1
1.044927275E1,2.047725320E-1,4.457407892E-1,-1.440219432E-1,5.112327856E-1
1.045931875E1,1.291029453E-1,4.690349996E-1,-3.874459863E-2,4.880190009E-1
1.046936475E1,1.600219756E-1,4.552667141E-1,9.949156642E-2,4.927203928E-1
1.047940975E1,2.728830874E-1,3.617198169E-1,1.767917424E-1,4.863761153E-1
1.048945575E1,4.608231783E-1,2.130051851E-1,1.350426972E-1,5.253244146E-1
1.049950175E1,6.620573997E-1,1.801833324E-2,-1.838651299E-2,6.625577143E-1
1.050954675E1,7.957784534E-1,-1.149314642E-1,-1.729835570E-1,8.224329148E-1
1.051959275E1,7.713293433E-1,-1.599199474E-1,-2.667104304E-1,8.316596654E-1
1.052963875E1,6.495427489E-1,-1.423364282E-1,-2.954222262E-1,7.276260944E-1
1.053968375E1,5.326740742E-1,-3.492772207E-2,-2.690009773E-1,5.977651218E-1
1.054972975E1,4.358859956E-1,7.983694226E-2,-2.569429874E-1,5.122404097E-1
1.055977575E1,3.581395447E-1,1.453064978E-1,-2.707093954E-1,4.718702031E-1
1.056982075E1,3.035969436E-1,1.744372249E-1,-2.911424935E-1,4.553717175E-1
1.057986675E1,2.910208106E-1,1.978351921E-1,-2.764787376E-1,4.475180083E-1
1.058991175E1,3.172039688E-1,1.832067072E-1,-2.621328235E-1,4.504405316E-1
1.059995775E1,3.842463195E-1,1.524024755E-1,-2.491464913E-1,4.826445097E-1
1.061000375E1,4.924311042E-1,9.040755779E-2,-2.261753827E-1,5.493789426E-1
1.062004875E1,5.767599344E-1,5.641902797E-3,-1.873107851E-1,6.064397606E-1
1.063009475E1,6.090510488E-1,-7.900959998E-2,-1.616605520E-1,6.350746657E-1
1.064014075E1,6.193373203E-1,-1.899113804E-1,-1.652185321E-1,6.685373678E-1
1.065018575E1,6.156246066E-1,-2.844623625E-1,-1.779995710E-1,7.011393151E-1
1.066023175E1,5.816698074E-1,-3.439269066E-1,-1.782247722E-1,6.988487328E-1
1.067027775E1,5.376035571E-1,-3.524290323E-1,-1.183641106E-1,6.536312952E-1
1.068032275E1,4.904910326E-1,-3.657628596E-1,-5.035610870E-2,6.139215424E-1
1.069036875E1,4.458878636E-1,-3.993946016E-1,2.667902038E-2,5.992026409E-1
1.070041375E1,4.424571097E-1,-4.595291317E-1,1.212332994E-1,6.493326032E-1
1.071045975E1,4.777788818E-1,-5.115011930E-1,1.726871729E-1,7.209209319E-1
1.072050575E1,5.124746561E-1,-5.658074617E-1,1.435960233E-1,7.767806478E-1
1.073055075E1,5.407361388E-1,-6.023806334E-1,8.136299998E-2,8.135588098E-1
1.074059675E1,5.448309779E-1,-5.743039846E-1,4.297513142E-2,7.927879434E-1
1.075064275E1,5.225216746E-1,-4.930347204E-1,5.306558311E-2,7.203666373E-1
1.076068775E1,4.778027534E-1,-4.325991571E-1,6.464941055E-2,6.477785487E-1
1.077073375E1,3.932489753E-1,-3.750253618E-1,4.364186525E-2,5.451544652E-1
1.078077975E1,2.773138583E-1,-3.181413114E-1,2.565269358E-3,4.220467399E-1
1.079082475E1,1.727232635E-1,-2.509782314E-1,-4.187037051E-2,3.075329679E-1
1.080087075E1,7.643751055E-2,-1.566271186E-1,-8.683784306E-2,1.947191780E-1
1.081091675E1,-2.732430398E-2,-4.899412766E-2,-1.610393673E-1,1.705307009E-1
1.082096175E1,-1.107014716E-1,5.192824081E-2,-2.048938125E-1,2.386060192E-1
1.083100775E1,-1.519128233E-1,2.028418630E-1,-1.947828531E-1,3.196289836E-1
1.084105275E1,-1.863275170E-1,2.946875989E-1,-1.864463538E-1,3.953744648E-1
1.085109875E1,-1.997256130E-1,3.184794784E-1,-1.713337153E-1,4.131279955E-1
1.086114475E1,-1.775127500E-1,2.958261073E-1,-1.331670880E-1,3.698071599E-1
1.087118975E1,-1.281854063E-1,2.073526829E-1,-7.050264627E-2,2.537661456E-1
1.088123575E1,-1.098552942E-1,1.181510165E-1,-2.988639474E-2,1.640763388E-1
1.089128175E1,-1.566379815E-1,-2.377203107E-2,-5.012961477E-2,1.661732379E-1
1.090132675E1,-2.130222619E-1,-1.545367986E-1,-7.152120024E-2,2.727185147E-1
1.091137275E1,-2.576981485E-1,-2.479916513E-1,-6.326726824E-2,3.631954599E-1
1.092141875E1,-2.889397442E-1,-2.987426817E-1,-5.083617568E-2,4.187095443E-1
1.093146375E1,-3.335082531E-1,-3.183595240E-1,-3.258340061E-2,4.622144734E-1
1.094150975E1,-3.429261446E-1,-3.188872635E-1,-1.732773520E-2,4.686018330E-1
1.095155475E1,-2.905745506E-1,-2.953894138E-1,1.808591560E-2,4.147476047E-1
1.096160075E1,-1.842419505E-1,-2.570387125E-1,5.654516071E-2,3.212652351E-1
1.097164675E1,-6.754728407E-2,-2.456470281E-1,7.418834418E-2,2.653469585E-1
1.098169175E1,1.436388865E-2,-2.859632373E-1,8.509128541E-2,2.987002197E-1
1.099173775E1,4.858204722E-2,-3.740984201E-1,1.018678695E-1,3.907517193E-1
1.100178375E1,5.578408390E-2,-5.138298869E-1,1.273968071E-1,5.323184791E-1
1.101182875E1,3.763783723E-2,-6.371955276E-1,1.690121591E-1,6.603028525E-1
1.102187475E1,-9.871991351E-3,-7.113673687E-1,1.972305179E-1,7.382688309E-1
1.103192075E1,-7.564648241E-2,-7.614694238E-1,1.726005375E-1,7.844418520E-1
1.104196575E1,-1.229020208E-1,-7.908865809E-1,1.261955798E-1,8.102665086E-1
1.105201175E1,-1.646803617E-1,-7.995056510E-1,9.167170525E-2,8.214210912E-1
1.106205775E1,-2.204791158E-1,-8.173309565E-1,7.040606439E-2,8.494692148E-1
1.107210275E1,-2.778342962E-1,-8.331612945E-1,6.295214593E-2,8.805183765E-1
1.108214875E1,-3.355287611E-1,-8.208324909E-1,6.720174849E-2,8.893039990E-1
1.109219375E1,-3.712513149E-1,-7.917187810E-1,8.326593786E-2,8.783959149E-1
1.110223975E1,-3.940775692E-1,-7.575923800E-1,6.189184263E-2,8.561973751E-1
1.111228575E1,-4.164715707E-1,-7.364695072E-1,2.501212060E-2,8.464404943E-1
1.112233075E1,-4.198529124E-1,-7.489702702E-1,-3.717058897E-2,8.594268941E-1
1.113237675E1,-3.866265416E-1,-7.858129740E-1,-1.104269624E-1,8.827095937E-1
1.114242275E1,-3.630247414E-1,-7.503575683E-1,-1.993593276E-1,8.570691831E-1
1.115246775E1,-3.455256522E-1,-6.361106038E-1,-3.255135417E-1,7.937151519E-1
1.116251375E1,-3.208358884E-1,-4.261287451E-1,-4.176107049E-1,6.774363996E-1
1.117255975E1,-3.067616224E-1,-1.599055678E-1,-4.471614063E-1,5.653545851E-1
1.118260475E1,-3.148140311E-1,7.706891745E-2,-3.897593617E-1,5.069120755E-1
1.119265075E1,-3.354647160E-1,2.964345515E-1,-2.824073434E-1,5.293051356E-1
1.120269675E1,-3.559438884E-1,4.071725309E-1,-1.903944463E-1,5.733546606E-1
1.121274175E1,-3.392240405E-1,3.819590509E-1,-9.301463515E-2,5.192469437E-1
1.122278775E1,-2.950203121E-1,3.332629502E-1,1.681010611E-2,4.454029167E-1
1.123283275E1,-2.432998568E-1,2.635903955E-1,6.374539435E-2,3.643325297E-1
1.124287875E1,-1.581268907E-1,1.425608248E-1,2.405244112E-2,2.142573738E-1
1.125292475E1,-3.697436675E-2,3.912977129E-2,-2.136590704E-2,5.792015868E-2
1.126296975E1,9.326772392E-2,-3.970066458E-2,-5.295203254E-2,1.143631446E-1
1.127301575E1,1.786569208E-1,-9.346295893E-2,-6.630725414E-2,2.122504935E-1
1.128306175E1,2.203863859E-1,-8.671330661E-2,-7.488349080E-2,2.483885944E-1
1.129310675E1,2.431385666E-1,-6.149636954E-2,-6.958726794E-2,2.602701556E-1
1.130315275E1,2.513658702E-1,-1.237384789E-2,-2.392506227E-2,2.528049079E-1
1.131319875E1,2.188084573E-1,4.263027757E-2,2.911418676E-2,2.248157410E-1
1.132324375E1,1.523575783E-1,5.344711617E-2,5.137911439E-2,1.694380101E-1
1.133328975E1,1.015692279E-1,8.440907113E-4,6.137901917E-2,1.186777339E-1
1.134333475E1,5.864246935E-2,-8.516675234E-2,7.869305462E-2,1.299419553E-1
1.135338075E1,2.235210873E-2,-1.409549266E-1,8.322495967E-2,1.652098726E-1
1.136342675E1,-2.445211634E-2,-1.828410029E-1,3.391626850E-2,1.875607945E-1
1.137347175E1,-6.422322989E-2,-2.160895020E-1,-6.616851687E-2,2.349416284E-1
1.138351775E1,-7.226224989E-2,-2.167429477E-1,-1.407208294E-1,2.683313063E-1
1.139356375E1,-5.681298673E-2,-1.910173446E-1,-1.648980677E-1,2.586633220E-1
1.140360875E1,-5.877045915E-2,-1.459514797E-1,-1.539163589E-1,2.201046270E-1
1.141365475E1,-7.999213040E-2,-6.811100245E-2,-1.273209751E-1,1.650711370E-1
1.142370075E1,-9.910846502E-2,5.013691261E-2,-1.106570214E-1,1.567838456E-1
1.143374575E1,-1.192222536E-1,1.753653884E-1,-7.851373404E-2,2.261224704E-1
1.144379175E1,-1.533850729E-1,2.667488754E-1,-5.078161508E-2,3.118665028E-1
1.145383775E1,-1.549294442E-1,2.602047026E-1,-1.209254377E-2,3.030772996E-1
1.146388275E1,-1.208983958E-1,1.887803376E-1,3.542283177E-2,2.269564164E-1
1.147392875E1,-7.240196317E-2,6.515771896E-2,7.635083050E-2,1.237619567E-1
1.148397375E1,-2.257941477E-2,-7.136608660E-2,7.971974462E-2,1.093534909E-1
1.149401975E1,4.615437239E-2,-1.944126338E-1,3.213278204E-2,2.023833342E-1
1.150406575E1,1.223749891E-1,-2.803874016E-1,-3.087513335E-2,3.074833439E-1
1.151411075E1,1.869638413E-1,-3.157259524E-1,-6.742009521E-2,3.730734837E-1
1.152415675E1,2.251684964E-1,-3.183327317E-1,-5.623521656E-2,3.939530168E-1
1.153420275E1,2.251298726E-1,-2.786047757E-1,-8.223748766E-3,3.582899811E-1
1.154424775E1,1.872419268E-1,-2.342551053E-1,4.665872082E-2,3.034996371E-1
1.155429375E1,1.514200121E-1,-1.878069043E-1,9.611308575E-2,2.596866932E-1
1.156433975E1,1.312523931E-1,-1.349507421E-1,1.231425628E-1,2.249510708E-1
1.157438475E1,1.148084402E-1,-1.123937741E-1,1.131000519E-1,1.964814498E-1
1.158443075E1,1.135648116E-1,-1.298041195E-1,7.294674963E-2,1.872626609E-1
1.159447675E1,1.351774186E-1,-1.691709757E-1,2.758911997E-2,2.182954719E-1
1.160452175E1,1.544018835E-1,-2.032689303E-1,-1.707845926E-2,2.558317287E-1
1.161456775E1,1.544644684E-1,-2.214322239E-1,-6.463132799E-2,2.776125183E-1
1.162461275E1,1.481580585E-1,-2.418095171E-1,-9.313807636E-2,2.984917991E-1
1.163465875E1,1.463668197E-1,-2.527996004E-1,-7.338461280E-2,3.011912769E-1
1.164470475E1,1.345651150E-1,-2.435282320E-1,-2.251950279E-2,2.791431496E-1
1.165474975E1,1.199616641E-1,-2.385808975E-1,4.155322164E-2,2.702560188E-1
1.166479575E1,9.829617292E-2,-2.583602667E-1,6.527658552E-2,2.840302759E-1
1.167484175E1,8.790957928E-2,-2.523494959E-1,4.299391806E-2,2.706600066E-1
1.168488675E1,1.079924554E-1,-2.541776001E-1,1.611951739E-2,2.766377806E-1
1.169493275E1,1.438575089E-1,-2.671365440E-1,1.257480588E-3,3.034114323E-1
1.170497875E1,1.577612907E-1,-2.688464224E-1,-2.321249340E-4,3.117163415E-1
1.171502375E1,1.473480612E-1,-2.844954431E-1,6.989834830E-3,3.204652338E-1
1.172506975E1,1.319002360E-1,-2.767249346E-1,2.443085052E-2,3.075243537E-1
1.173511575E1,1.220816970E-1,-2.442490160E-1,4.240532592E-2,2.763326514E-1
1.174516075E1,1.228112131E-1,-2.231832445E-1,5.566455051E-2,2.607525587E-1
1.175520675E1,1.366117150E-1,-2.085611522E-1,6.362128258E-2,2.573095072E-1
1.176525275E1,1.523674577E-1,-1.980013251E-1,5.724317208E-2,2.563145483E-1
1.177529775E1,1.516390890E-1,-1.783197820E-1,3.762845695E-2,2.370828099E-1
1.178534375E1,1.339867860E-1,-1.394878328E-1,8.290491998E-3,1.935924755E-1
1.179538875E1,1.060885787E-1,-1.139260232E-1,-1.107068919E-2,1.560656447E-1
1.180543475E1,3.460710868E-2,-1.077703163E-1,-1.490375027E-2,1.141674858E-1
1.181548075E1,-2.446149010E-4,-8.604451269E-2,5.130943842E-3,8.619770638E-2
1.182552575E1,7.715207525E-3,-1.151043177E-1,2.961820178E-2,1.191040144E-1
1.183557175E1,1.526100840E-2,-1.699902117E-1,4.730718210E-2,1.771088364E-1
1.184561775E1,4.611622542E-2,-2.801627517E-1,5.856430158E-2,2.899097292E-1
1.185566275E1,1.142968759E-1,-4.147855639E-1,6.115875021E-2,4.345701700E-1
1.186570875E1,2.165830284E-1,-5.325345993E-1,2.925674617E-2,5.756363999E-1
1.187575475E1,3.163591623E-1,-6.407303214E-1,-1.452296134E-2,7.147232896E-1
1.188579975E1,3.933510184E-1,-6.776187420E-1,-3.134626150E-2,7.841395101E-1
1.189584575E1,4.308150113E-1,-6.512199044E-1,-2.989750355E-2,7.813979771E-1
1.190589175E1,4.301193655E-1,-5.729060173E-1,-1.373798028E-2,7.165282306E-1
1.191593675E1,3.868555427E-1,-4.595731199E-1,3.224757733E-3,6.007287761E-1
1.192598275E1,3.191206753E-1,-3.372003436E-1,2.102363482E-2,4.647408637E-1
1.193602775E1,2.436373532E-1,-2.309820205E-1,3.851687536E-2,3.379281038E-1
1.194607375E1,1.679859459E-1,-1.364999712E-1,4.986965284E-2,2.221227193E-1
1.195611962E1,7.977831364E-2,-3.401859477E-2,6.079899520E-2,1.059167689E-1
1.196616462E1,-3.115519648E-3,9.930597246E-2,8.451591432E-2,1.304389604E-1
1.197621062E1,-6.854193658E-2,1.935943961E-1,1.010285765E-1,2.288745520E-1
1.198625662E1,-1.028396562E-1,2.435716093E-1,1.023694426E-1,2.835183001E-1
1.199630162E1,-1.243414804E-1,2.688170373E-1,8.514279127E-2,3.081764076E-1
1.200634762E1,-1.157438979E-1,2.700696290E-1,5.315717682E-2,2.985966172E-1
1.201639362E1,-8.904704452E-2,2.389372736E-1,1.665349118E-2,2.555342162E-1
1.202643862E1,-6.240753457E-2,1.895503551E-1,-1.508974936E-3,1.995653138E-1
1.203648462E1,-3.823748603E-2,1.469730735E-1,-1.674092561E-2,1.527856284E-1
1.204653062E1,-2.769066952E-2,1.009647399E-1,1.509578433E-4,1.046932408E-1
1.205657562E1,-1.510617044E-2,5.974592641E-2,4.307099432E-2,7.518565461E-2
1.206662162E1,-1.338766515E-2,-9.214454331E-4,8.617527783E-2,8.721385870E-2
1.207666762E1,-1.468009688E-2,-7.421270758E-2,1.095889881E-1,1.331644755E-1
1.208671262E1,-5.685223732E-4,-1.490780562E-1,1.200721636E-1,1.914207788E-1
1.209675862E1,1.394117810E-2,-2.036390305E-1,1.243603900E-1,2.390161454E-1
1.210680362E1,2.626796812E-2,-2.203618139E-1,1.184512079E-1,2.515552103E-1
1.211684962E1,3.386943042E-2,-2.145574540E-1,1.112308428E-1,2.440375786E-1
1.212689562E1,3.561295196E-2,-1.859615445E-1,1.145687029E-1,2.213051424E-1
1.213694062E1,2.424737811E-2,-1.458410323E-1,1.318691373E-1,1.981085849E-1
1.214698662E1,1.697826385E-2,-1.123547330E-1,1.492738724E-1,1.876020694E-1
1.215703262E1,1.893595420E-2,-7.725693285E-2,1.515306234E-1,1.711395158E-1
1.216707762E1,3.187705204E-2,-5.256943032E-2,1.466687620E-1,1.590327551E-1
1.217712362E1,4.732791334E-2,-3.871513158E-2,1.287225187E-1,1.425071213E-1
1.218716962E1,3.571375087E-2,-3.658249602E-2,1.287063807E-1,1.384885680E-1
1.219721462E1,7.778719300E-4,-2.178863995E-2,1.496095359E-1,1.511898249E-1
1.220726062E1,-5.924098939E-2,-1.223747805E-2,1.623735279E-1,1.732755414E-1
1.221730662E1,-3.205188811E-1,1.911852062E-1,1.790405363E-1,4.139319386E-1
1.222735162E1,-4.251721203E-1,3.166105151E-1,1.832736284E-1,5.608946185E-1
1.223739762E1,-3.826771080E-1,3.471356630E-1,1.227458268E-1,5.310475267E-1
1.224744362E1,-3.184957802E-1,3.185134828E-1,4.302320257E-2,4.524835872E-1
1.225748862E1,-1.918023080E-1,2.378671020E-1,-5.613042042E-3,3.056147735E-1
1.226753462E1,-8.529976010E-3,1.238764897E-1,-3.929644078E-2,1.302396078E-1
1.227757962E1,2.022837251E-1,-1.809529029E-2,-6.011383981E-2,2.118013662E-1
1.228762562E1,3.437025547E-1,-1.476134360E-1,-2.594922669E-2,3.749593777E-1